Workbook

Sheet Venta
Z1: Planta | AA1: (Todas) | AD1: Planta | AE1: ENAMI | AK1: Planta | AL1: (Todas)
B2: Venta Minerales 2026 | Q2: Fecha | R2: (Varios elementos) | V2: Fecha | W2: (Varios elementos) | Z2: Fecha | AA2: (Varios elementos) | AD2: Fecha | AE2: (Todas) | AK2: Fecha | AL2: (Todas)
B4: N° Lote | C4: Recargo | D4: Patente | E4: Fecha | F4: Ton | G4: Padron | H4: Planta | I4: Mineral | J4: 9 | L4: Fecha | M4: N° Viajes | N4: Ton. | Q4: Planta | R4: Padron | S4: N° Viajes | T4: Ton. | V4: Fecha | W4: N° Viajes | X4: Ton. | Z4: Fecha | AA4: N° Viajes | AB4: Ton. | AD4: Cuenta de Recargo | AG4: Etiquetas de fila | AH4: Cuenta de Recargo | AI4: Promedio de Ton | AK4: Suma de Ton | AN4: Planta | AO4: (Todas)
B5: CN001 | C5: 1 | D5: PYCH-48 | E5: 46035 | F5: 27.35 | G5: {=IF( Venta4[[#This Row],[N° Lote]]="", "", IFERROR( INDEX( Mezcla!R:R, _xlfn.XLOOKUP(Venta4[[#This Row],[N° Lote]],Mezcla!R:R,ROW(Mezcla!R:R))+1 ), "" ) )} -> 3H COPPER EL SAUCE 1 AL 5 | H5: =IF( Venta4[[#This Row],[N° Lote]]="", "", IF( LEFT(Venta4[[#This Row],[N° Lote]],2)="CN", "CERRO NEGRO", IF( AND( ISNUMBER(VALUE(Venta4[[#This Row],[N° Lote]])), LEN(Venta4[[#This Row],[N° Lote]])=4 ), "CEMIN", IF( AND( ISNUMBER(VALUE(Venta4[[#This Row],[N° Lote]])), LEN(Venta4[[#This Row],[N° Lote]])>4 ), "ENAMI", "ORIGEN NO DEFINIDO" ) ) ) ) -> CERRO NEGRO | I5: =IF( Venta4[[#This Row],[N° Lote]]="", "", IF( LEFT(Venta4[[#This Row],[N° Lote]],2)="CN", "Óxido", IF( AND( ISNUMBER(VALUE(Venta4[[#This Row],[N° Lote]])), LEN(Venta4[[#This Row],[N° Lote]])=4 ), "Óxido", IF( AND( ISNUMBER(VALUE(Venta4[[#This Row],[N° Lote]])), LEN(Venta4[[#This Row],[N° Lote]])>4 ), "Sulfuro", "" ) ) ) ) -> Óxido | L5: jul | M5: 16 | N5: 500.99 | Q5: ENAMI | V5: ENAMI | W5: 9 | X5: 279.7 | Z5: 60001 | AA5: 4 | AB5: 122.52 | AD5: 196 | AG5: CERRO NEGRO | AH5: 65 | AI5: 32.272308 | AK5: 8350.47
B6: CN001 | C6: 2 | D6: JKDK-25 | E6: 46035 | F6: 30.41 | G6: {=IF( Venta4[[#This Row],[N° Lote]]="", "", IFERROR( INDEX( Mezcla!R:R, _xlfn.XLOOKUP(Venta4[[#This Row],[N° Lote]],Mezcla!R:R,ROW(Mezcla!R:R))+1 ), "" ) )} -> 3H COPPER EL SAUCE 1 AL 5 | H6: =IF( Venta4[[#This Row],[N° Lote]]="", "", IF( LEFT(Venta4[[#This Row],[N° Lote]],2)="CN", "CERRO NEGRO", IF( AND( ISNUMBER(VALUE(Venta4[[#This Row],[N° Lote]])), LEN(Venta4[[#This Row],[N° Lote]])=4 ), "CEMIN", IF( AND( ISNUMBER(VALUE(Venta4[[#This Row],[N° Lote]])), LEN(Venta4[[#This Row],[N° Lote]])>4 ), "ENAMI", "ORIGEN NO DEFINIDO" ) ) ) ) -> CERRO NEGRO | I6: =IF( Venta4[[#This Row],[N° Lote]]="", "", IF( LEFT(Venta4[[#This Row],[N° Lote]],2)="CN", "Óxido", IF( AND( ISNUMBER(VALUE(Venta4[[#This Row],[N° Lote]])), LEN(Venta4[[#This Row],[N° Lote]])=4 ), "Óxido", IF( AND( ISNUMBER(VALUE(Venta4[[#This Row],[N° Lote]])), LEN(Venta4[[#This Row],[N° Lote]])>4 ), "Sulfuro", "" ) ) ) ) -> Óxido | L6: 01-jul | M6: 7 | N6: 221.21 | R6: Minera la Cruz | S6: 4 | T6: 123.52 | V6: RBWX-10 | W6: 1 | X6: 32.45 | Z6: 60002 | AA6: 4 | AB6: 120.21 | AG6: ENAMI | AH6: 196 | AI6: 30.783827 | AN6: Fecha | AO6: N° Viajes | AP6: Ton.
B7: CN001 | C7: 3 | D7: LCGZ-26 | E7: 46035 | F7: 27.69 | G7: {=IF( Venta4[[#This Row],[N° Lote]]="", "", IFERROR( INDEX( Mezcla!R:R, _xlfn.XLOOKUP(Venta4[[#This Row],[N° Lote]],Mezcla!R:R,ROW(Mezcla!R:R))+1 ), "" ) )} -> 3H COPPER EL SAUCE 1 AL 5 | H7: =IF( Venta4[[#This Row],[N° Lote]]="", "", IF( LEFT(Venta4[[#This Row],[N° Lote]],2)="CN", "CERRO NEGRO", IF( AND( ISNUMBER(VALUE(Venta4[[#This Row],[N° Lote]])), LEN(Venta4[[#This Row],[N° Lote]])=4 ), "CEMIN", IF( AND( ISNUMBER(VALUE(Venta4[[#This Row],[N° Lote]])), LEN(Venta4[[#This Row],[N° Lote]])>4 ), "ENAMI", "ORIGEN NO DEFINIDO" ) ) ) ) -> CERRO NEGRO | I7: =IF( Venta4[[#This Row],[N° Lote]]="", "", IF( LEFT(Venta4[[#This Row],[N° Lote]],2)="CN", "Óxido", IF( AND( ISNUMBER(VALUE(Venta4[[#This Row],[N° Lote]])), LEN(Venta4[[#This Row],[N° Lote]])=4 ), "Óxido", IF( AND( ISNUMBER(VALUE(Venta4[[#This Row],[N° Lote]])), LEN(Venta4[[#This Row],[N° Lote]])>4 ), "Sulfuro", "" ) ) ) ) -> Óxido | L7: 03-jul | M7: 5 | N7: 157.46 | R7: 3H COPPER El SAUCE | S7: 7 | T7: 221.21 | V7: PYCH-48 | W7: 3 | X7: 92.99 | Z7: 60011 | AA7: 5 | AB7: 149.76 | AN7: <13-01-2026
B8: CN001 | C8: 4 | D8: PYCH-48 | E8: 46036 | F8: 29.16 | G8: {=IF( Venta4[[#This Row],[N° Lote]]="", "", IFERROR( INDEX( Mezcla!R:R, _xlfn.XLOOKUP(Venta4[[#This Row],[N° Lote]],Mezcla!R:R,ROW(Mezcla!R:R))+1 ), "" ) )} -> 3H COPPER EL SAUCE 1 AL 5 | H8: =IF( Venta4[[#This Row],[N° Lote]]="", "", IF( LEFT(Venta4[[#This Row],[N° Lote]],2)="CN", "CERRO NEGRO", IF( AND( ISNUMBER(VALUE(Venta4[[#This Row],[N° Lote]])), LEN(Venta4[[#This Row],[N° Lote]])=4 ), "CEMIN", IF( AND( ISNUMBER(VALUE(Venta4[[#This Row],[N° Lote]])), LEN(Venta4[[#This Row],[N° Lote]])>4 ), "ENAMI", "ORIGEN NO DEFINIDO" ) ) ) ) -> CERRO NEGRO | I8: =IF( Venta4[[#This Row],[N° Lote]]="", "", IF( LEFT(Venta4[[#This Row],[N° Lote]],2)="CN", "Óxido", IF( AND( ISNUMBER(VALUE(Venta4[[#This Row],[N° Lote]])), LEN(Venta4[[#This Row],[N° Lote]])=4 ), "Óxido", IF( AND( ISNUMBER(VALUE(Venta4[[#This Row],[N° Lote]])), LEN(Venta4[[#This Row],[N° Lote]])>4 ), "Sulfuro", "" ) ) ) ) -> Óxido | L8: 06-jul | M8: 4 | N8: 122.32 | R8: Procesos Mineros | S8: 5 | T8: 156.26 | V8: LCGZ-26 | W8: 2 | X8: 62.48 | Z8: 60013 | AA8: 5 | AB8: 152.07 | AG8: CEMIN | AH8: 5 | AI8: 32.228 | AN8: (en blanco)
B9: CN001 | C9: 5 | D9: LCGZ-26 | E9: 46036 | F9: 29.22 | G9: {=IF( Venta4[[#This Row],[N° Lote]]="", "", IFERROR( INDEX( Mezcla!R:R, _xlfn.XLOOKUP(Venta4[[#This Row],[N° Lote]],Mezcla!R:R,ROW(Mezcla!R:R))+1 ), "" ) )} -> 3H COPPER EL SAUCE 1 AL 5 | H9: =IF( Venta4[[#This Row],[N° Lote]]="", "", IF( LEFT(Venta4[[#This Row],[N° Lote]],2)="CN", "CERRO NEGRO", IF( AND( ISNUMBER(VALUE(Venta4[[#This Row],[N° Lote]])), LEN(Venta4[[#This Row],[N° Lote]])=4 ), "CEMIN", IF( AND( ISNUMBER(VALUE(Venta4[[#This Row],[N° Lote]])), LEN(Venta4[[#This Row],[N° Lote]])>4 ), "ENAMI", "ORIGEN NO DEFINIDO" ) ) ) ) -> CERRO NEGRO | I9: =IF( Venta4[[#This Row],[N° Lote]]="", "", IF( LEFT(Venta4[[#This Row],[N° Lote]],2)="CN", "Óxido", IF( AND( ISNUMBER(VALUE(Venta4[[#This Row],[N° Lote]])), LEN(Venta4[[#This Row],[N° Lote]])=4 ), "Óxido", IF( AND( ISNUMBER(VALUE(Venta4[[#This Row],[N° Lote]])), LEN(Venta4[[#This Row],[N° Lote]])>4 ), "Sulfuro", "" ) ) ) ) -> Óxido | L9: Total general | M9: 16 | N9: 500.99 | Q9: Total ENAMI | S9: 16 | T9: 500.99 | V9: JKDK-25 | W9: 3 | X9: 91.78 | Z9: 60019 | AA9: 5 | AB9: 152.45 | AG9: ORIGEN NO DEFINIDO | AH9: 2 | AI9: 29 | AN9: ene | AO9: 29 | AP9: 860.49
B10: CN001 | C10: 6 | D10: RBWX-10 | E10: 46036 | F10: 28.87 | G10: {=IF( Venta4[[#This Row],[N° Lote]]="", "", IFERROR( INDEX( Mezcla!R:R, _xlfn.XLOOKUP(Venta4[[#This Row],[N° Lote]],Mezcla!R:R,ROW(Mezcla!R:R))+1 ), "" ) )} -> 3H COPPER EL SAUCE 1 AL 5 | H10: =IF( Venta4[[#This Row],[N° Lote]]="", "", IF( LEFT(Venta4[[#This Row],[N° Lote]],2)="CN", "CERRO NEGRO", IF( AND( ISNUMBER(VALUE(Venta4[[#This Row],[N° Lote]])), LEN(Venta4[[#This Row],[N° Lote]])=4 ), "CEMIN", IF( AND( ISNUMBER(VALUE(Venta4[[#This Row],[N° Lote]])), LEN(Venta4[[#This Row],[N° Lote]])>4 ), "ENAMI", "ORIGEN NO DEFINIDO" ) ) ) ) -> CERRO NEGRO | I10: =IF( Venta4[[#This Row],[N° Lote]]="", "", IF( LEFT(Venta4[[#This Row],[N° Lote]],2)="CN", "Óxido", IF( AND( ISNUMBER(VALUE(Venta4[[#This Row],[N° Lote]])), LEN(Venta4[[#This Row],[N° Lote]])=4 ), "Óxido", IF( AND( ISNUMBER(VALUE(Venta4[[#This Row],[N° Lote]])), LEN(Venta4[[#This Row],[N° Lote]])>4 ), "Sulfuro", "" ) ) ) ) -> Óxido | Q10: Total general | S10: 16 | T10: 500.99 | V10: Total general | W10: 9 | X10: 279.7 | Z10: 60022 | AA10: 5 | AB10: 157.43 | AG10: Total general | AH10: 268 | AI10: 31.15847 | AN10: 13-ene | AO10: 3 | AP10: 85.45
B11: CN002 | C11: 1 | D11: PYCH-48 | E11: 46036 | F11: 28.88 | G11: {=IF( Venta4[[#This Row],[N° Lote]]="", "", IFERROR( INDEX( Mezcla!R:R, _xlfn.XLOOKUP(Venta4[[#This Row],[N° Lote]],Mezcla!R:R,ROW(Mezcla!R:R))+1 ), "" ) )} -> 3H COPPER EL SAUCE 1 AL 5 | H11: =IF( Venta4[[#This Row],[N° Lote]]="", "", IF( LEFT(Venta4[[#This Row],[N° Lote]],2)="CN", "CERRO NEGRO", IF( AND( ISNUMBER(VALUE(Venta4[[#This Row],[N° Lote]])), LEN(Venta4[[#This Row],[N° Lote]])=4 ), "CEMIN", IF( AND( ISNUMBER(VALUE(Venta4[[#This Row],[N° Lote]])), LEN(Venta4[[#This Row],[N° Lote]])>4 ), "ENAMI", "ORIGEN NO DEFINIDO" ) ) ) ) -> CERRO NEGRO | I11: =IF( Venta4[[#This Row],[N° Lote]]="", "", IF( LEFT(Venta4[[#This Row],[N° Lote]],2)="CN", "Óxido", IF( AND( ISNUMBER(VALUE(Venta4[[#This Row],[N° Lote]])), LEN(Venta4[[#This Row],[N° Lote]])=4 ), "Óxido", IF( AND( ISNUMBER(VALUE(Venta4[[#This Row],[N° Lote]])), LEN(Venta4[[#This Row],[N° Lote]])>4 ), "Sulfuro", "" ) ) ) ) -> Óxido | O11: =+SUM(N6:N10) -> 1001.98 | Z11: 60029 | AA11: 5 | AB11: 152.03 | AN11: 14-ene | AO11: 5 | AP11: 145.84
B12: CN002 | C12: 2 | D12: LCGZ-26 | E12: 46036 | F12: 29.71 | G12: {=IF( Venta4[[#This Row],[N° Lote]]="", "", IFERROR( INDEX( Mezcla!R:R, _xlfn.XLOOKUP(Venta4[[#This Row],[N° Lote]],Mezcla!R:R,ROW(Mezcla!R:R))+1 ), "" ) )} -> 3H COPPER EL SAUCE 1 AL 5 | H12: =IF( Venta4[[#This Row],[N° Lote]]="", "", IF( LEFT(Venta4[[#This Row],[N° Lote]],2)="CN", "CERRO NEGRO", IF( AND( ISNUMBER(VALUE(Venta4[[#This Row],[N° Lote]])), LEN(Venta4[[#This Row],[N° Lote]])=4 ), "CEMIN", IF( AND( ISNUMBER(VALUE(Venta4[[#This Row],[N° Lote]])), LEN(Venta4[[#This Row],[N° Lote]])>4 ), "ENAMI", "ORIGEN NO DEFINIDO" ) ) ) ) -> CERRO NEGRO | I12: =IF( Venta4[[#This Row],[N° Lote]]="", "", IF( LEFT(Venta4[[#This Row],[N° Lote]],2)="CN", "Óxido", IF( AND( ISNUMBER(VALUE(Venta4[[#This Row],[N° Lote]])), LEN(Venta4[[#This Row],[N° Lote]])=4 ), "Óxido", IF( AND( ISNUMBER(VALUE(Venta4[[#This Row],[N° Lote]])), LEN(Venta4[[#This Row],[N° Lote]])>4 ), "Sulfuro", "" ) ) ) ) -> Óxido | Z12: 60034 | AA12: 6 | AB12: 186.23 | AN12: 15-ene | AO12: 2 | AP12: 59.62
B13: CN002 | C13: 3 | D13: PYCH-48 | E13: 46037 | F13: 29.52 | G13: {=IF( Venta4[[#This Row],[N° Lote]]="", "", IFERROR( INDEX( Mezcla!R:R, _xlfn.XLOOKUP(Venta4[[#This Row],[N° Lote]],Mezcla!R:R,ROW(Mezcla!R:R))+1 ), "" ) )} -> 3H COPPER EL SAUCE 1 AL 5 | H13: =IF( Venta4[[#This Row],[N° Lote]]="", "", IF( LEFT(Venta4[[#This Row],[N° Lote]],2)="CN", "CERRO NEGRO", IF( AND( ISNUMBER(VALUE(Venta4[[#This Row],[N° Lote]])), LEN(Venta4[[#This Row],[N° Lote]])=4 ), "CEMIN", IF( AND( ISNUMBER(VALUE(Venta4[[#This Row],[N° Lote]])), LEN(Venta4[[#This Row],[N° Lote]])>4 ), "ENAMI", "ORIGEN NO DEFINIDO" ) ) ) ) -> CERRO NEGRO | I13: =IF( Venta4[[#This Row],[N° Lote]]="", "", IF( LEFT(Venta4[[#This Row],[N° Lote]],2)="CN", "Óxido", IF( AND( ISNUMBER(VALUE(Venta4[[#This Row],[N° Lote]])), LEN(Venta4[[#This Row],[N° Lote]])=4 ), "Óxido", IF( AND( ISNUMBER(VALUE(Venta4[[#This Row],[N° Lote]])), LEN(Venta4[[#This Row],[N° Lote]])>4 ), "Sulfuro", "" ) ) ) ) -> Óxido | Z13: 60040 | AA13: 6 | AB13: 184.64 | AN13: 16-ene | AO13: 2 | AP13: 61.8
B14: CN002 | C14: 4 | D14: PYCH-48 | E14: 46037 | F14: 30.1 | G14: {=IF( Venta4[[#This Row],[N° Lote]]="", "", IFERROR( INDEX( Mezcla!R:R, _xlfn.XLOOKUP(Venta4[[#This Row],[N° Lote]],Mezcla!R:R,ROW(Mezcla!R:R))+1 ), "" ) )} -> 3H COPPER EL SAUCE 1 AL 5 | H14: =IF( Venta4[[#This Row],[N° Lote]]="", "", IF( LEFT(Venta4[[#This Row],[N° Lote]],2)="CN", "CERRO NEGRO", IF( AND( ISNUMBER(VALUE(Venta4[[#This Row],[N° Lote]])), LEN(Venta4[[#This Row],[N° Lote]])=4 ), "CEMIN", IF( AND( ISNUMBER(VALUE(Venta4[[#This Row],[N° Lote]])), LEN(Venta4[[#This Row],[N° Lote]])>4 ), "ENAMI", "ORIGEN NO DEFINIDO" ) ) ) ) -> CERRO NEGRO | I14: =IF( Venta4[[#This Row],[N° Lote]]="", "", IF( LEFT(Venta4[[#This Row],[N° Lote]],2)="CN", "Óxido", IF( AND( ISNUMBER(VALUE(Venta4[[#This Row],[N° Lote]])), LEN(Venta4[[#This Row],[N° Lote]])=4 ), "Óxido", IF( AND( ISNUMBER(VALUE(Venta4[[#This Row],[N° Lote]])), LEN(Venta4[[#This Row],[N° Lote]])>4 ), "Sulfuro", "" ) ) ) ) -> Óxido | Z14: 60042 | AA14: 5 | AB14: 156.29 | AN14: 19-ene | AO14: 4 | AP14: 114.08
B15: CN002 | C15: 5 | D15: LCGZ-26 | E15: 46038 | F15: 31.8 | G15: {=IF( Venta4[[#This Row],[N° Lote]]="", "", IFERROR( INDEX( Mezcla!R:R, _xlfn.XLOOKUP(Venta4[[#This Row],[N° Lote]],Mezcla!R:R,ROW(Mezcla!R:R))+1 ), "" ) )} -> 3H COPPER EL SAUCE 1 AL 5 | H15: =IF( Venta4[[#This Row],[N° Lote]]="", "", IF( LEFT(Venta4[[#This Row],[N° Lote]],2)="CN", "CERRO NEGRO", IF( AND( ISNUMBER(VALUE(Venta4[[#This Row],[N° Lote]])), LEN(Venta4[[#This Row],[N° Lote]])=4 ), "CEMIN", IF( AND( ISNUMBER(VALUE(Venta4[[#This Row],[N° Lote]])), LEN(Venta4[[#This Row],[N° Lote]])>4 ), "ENAMI", "ORIGEN NO DEFINIDO" ) ) ) ) -> CERRO NEGRO | I15: =IF( Venta4[[#This Row],[N° Lote]]="", "", IF( LEFT(Venta4[[#This Row],[N° Lote]],2)="CN", "Óxido", IF( AND( ISNUMBER(VALUE(Venta4[[#This Row],[N° Lote]])), LEN(Venta4[[#This Row],[N° Lote]])=4 ), "Óxido", IF( AND( ISNUMBER(VALUE(Venta4[[#This Row],[N° Lote]])), LEN(Venta4[[#This Row],[N° Lote]])>4 ), "Sulfuro", "" ) ) ) ) -> Óxido | Z15: 60051 | AA15: 5 | AB15: 152.42 | AN15: 20-ene | AO15: 3 | AP15: 83.25
B16: CN002 | C16: 6 | D16: PYCH-48 | E16: 46038 | F16: 30 | G16: {=IF( Venta4[[#This Row],[N° Lote]]="", "", IFERROR( INDEX( Mezcla!R:R, _xlfn.XLOOKUP(Venta4[[#This Row],[N° Lote]],Mezcla!R:R,ROW(Mezcla!R:R))+1 ), "" ) )} -> 3H COPPER EL SAUCE 1 AL 5 | H16: =IF( Venta4[[#This Row],[N° Lote]]="", "", IF( LEFT(Venta4[[#This Row],[N° Lote]],2)="CN", "CERRO NEGRO", IF( AND( ISNUMBER(VALUE(Venta4[[#This Row],[N° Lote]])), LEN(Venta4[[#This Row],[N° Lote]])=4 ), "CEMIN", IF( AND( ISNUMBER(VALUE(Venta4[[#This Row],[N° Lote]])), LEN(Venta4[[#This Row],[N° Lote]])>4 ), "ENAMI", "ORIGEN NO DEFINIDO" ) ) ) ) -> CERRO NEGRO | I16: =IF( Venta4[[#This Row],[N° Lote]]="", "", IF( LEFT(Venta4[[#This Row],[N° Lote]],2)="CN", "Óxido", IF( AND( ISNUMBER(VALUE(Venta4[[#This Row],[N° Lote]])), LEN(Venta4[[#This Row],[N° Lote]])=4 ), "Óxido", IF( AND( ISNUMBER(VALUE(Venta4[[#This Row],[N° Lote]])), LEN(Venta4[[#This Row],[N° Lote]])>4 ), "Sulfuro", "" ) ) ) ) -> Óxido | Z16: 60056 | AA16: 5 | AB16: 152.07 | AN16: 21-ene | AO16: 3 | AP16: 96.51
B17: CN003 | C17: 1 | D17: PYCH-48 | E17: 46041 | F17: 30 | G17: {=IF( Venta4[[#This Row],[N° Lote]]="", "", IFERROR( INDEX( Mezcla!R:R, _xlfn.XLOOKUP(Venta4[[#This Row],[N° Lote]],Mezcla!R:R,ROW(Mezcla!R:R))+1 ), "" ) )} -> 3H COPPER EL SAUCE 1 AL 5 | H17: =IF( Venta4[[#This Row],[N° Lote]]="", "", IF( LEFT(Venta4[[#This Row],[N° Lote]],2)="CN", "CERRO NEGRO", IF( AND( ISNUMBER(VALUE(Venta4[[#This Row],[N° Lote]])), LEN(Venta4[[#This Row],[N° Lote]])=4 ), "CEMIN", IF( AND( ISNUMBER(VALUE(Venta4[[#This Row],[N° Lote]])), LEN(Venta4[[#This Row],[N° Lote]])>4 ), "ENAMI", "ORIGEN NO DEFINIDO" ) ) ) ) -> CERRO NEGRO | I17: =IF( Venta4[[#This Row],[N° Lote]]="", "", IF( LEFT(Venta4[[#This Row],[N° Lote]],2)="CN", "Óxido", IF( AND( ISNUMBER(VALUE(Venta4[[#This Row],[N° Lote]])), LEN(Venta4[[#This Row],[N° Lote]])=4 ), "Óxido", IF( AND( ISNUMBER(VALUE(Venta4[[#This Row],[N° Lote]])), LEN(Venta4[[#This Row],[N° Lote]])>4 ), "Sulfuro", "" ) ) ) ) -> Óxido | O17: =+SUM(N12:N17) -> 0 | Z17: 60057 | AA17: 5 | AB17: 152.54 | AN17: 22-ene | AO17: 2 | AP17: 59.43
B18: CN003 | C18: 2 | D18: RBWX-10 | E18: 46041 | F18: 25.1 | G18: {=IF( Venta4[[#This Row],[N° Lote]]="", "", IFERROR( INDEX( Mezcla!R:R, _xlfn.XLOOKUP(Venta4[[#This Row],[N° Lote]],Mezcla!R:R,ROW(Mezcla!R:R))+1 ), "" ) )} -> 3H COPPER EL SAUCE 1 AL 5 | H18: =IF( Venta4[[#This Row],[N° Lote]]="", "", IF( LEFT(Venta4[[#This Row],[N° Lote]],2)="CN", "CERRO NEGRO", IF( AND( ISNUMBER(VALUE(Venta4[[#This Row],[N° Lote]])), LEN(Venta4[[#This Row],[N° Lote]])=4 ), "CEMIN", IF( AND( ISNUMBER(VALUE(Venta4[[#This Row],[N° Lote]])), LEN(Venta4[[#This Row],[N° Lote]])>4 ), "ENAMI", "ORIGEN NO DEFINIDO" ) ) ) ) -> CERRO NEGRO | I18: =IF( Venta4[[#This Row],[N° Lote]]="", "", IF( LEFT(Venta4[[#This Row],[N° Lote]],2)="CN", "Óxido", IF( AND( ISNUMBER(VALUE(Venta4[[#This Row],[N° Lote]])), LEN(Venta4[[#This Row],[N° Lote]])=4 ), "Óxido", IF( AND( ISNUMBER(VALUE(Venta4[[#This Row],[N° Lote]])), LEN(Venta4[[#This Row],[N° Lote]])>4 ), "Sulfuro", "" ) ) ) ) -> Óxido | Z18: XX01 | AA18: 2 | AB18: 58 | AN18: 23-ene | AO18: 1 | AP18: 31.81
B19: CN003 | C19: 3 | D19: LCGZ-26 | E19: 46041 | F19: 28.98 | G19: {=IF( Venta4[[#This Row],[N° Lote]]="", "", IFERROR( INDEX( Mezcla!R:R, _xlfn.XLOOKUP(Venta4[[#This Row],[N° Lote]],Mezcla!R:R,ROW(Mezcla!R:R))+1 ), "" ) )} -> 3H COPPER EL SAUCE 1 AL 5 | H19: =IF( Venta4[[#This Row],[N° Lote]]="", "", IF( LEFT(Venta4[[#This Row],[N° Lote]],2)="CN", "CERRO NEGRO", IF( AND( ISNUMBER(VALUE(Venta4[[#This Row],[N° Lote]])), LEN(Venta4[[#This Row],[N° Lote]])=4 ), "CEMIN", IF( AND( ISNUMBER(VALUE(Venta4[[#This Row],[N° Lote]])), LEN(Venta4[[#This Row],[N° Lote]])>4 ), "ENAMI", "ORIGEN NO DEFINIDO" ) ) ) ) -> CERRO NEGRO | I19: =IF( Venta4[[#This Row],[N° Lote]]="", "", IF( LEFT(Venta4[[#This Row],[N° Lote]],2)="CN", "Óxido", IF( AND( ISNUMBER(VALUE(Venta4[[#This Row],[N° Lote]])), LEN(Venta4[[#This Row],[N° Lote]])=4 ), "Óxido", IF( AND( ISNUMBER(VALUE(Venta4[[#This Row],[N° Lote]])), LEN(Venta4[[#This Row],[N° Lote]])>4 ), "Sulfuro", "" ) ) ) ) -> Óxido | Z19: 60065 | AA19: 6 | AB19: 188.13 | AN19: 26-ene | AO19: 1 | AP19: 29.16
B20: CN003 | C20: 4 | D20: PYCH-48 | E20: 46041 | F20: 30 | G20: {=IF( Venta4[[#This Row],[N° Lote]]="", "", IFERROR( INDEX( Mezcla!R:R, _xlfn.XLOOKUP(Venta4[[#This Row],[N° Lote]],Mezcla!R:R,ROW(Mezcla!R:R))+1 ), "" ) )} -> 3H COPPER EL SAUCE 1 AL 5 | H20: =IF( Venta4[[#This Row],[N° Lote]]="", "", IF( LEFT(Venta4[[#This Row],[N° Lote]],2)="CN", "CERRO NEGRO", IF( AND( ISNUMBER(VALUE(Venta4[[#This Row],[N° Lote]])), LEN(Venta4[[#This Row],[N° Lote]])=4 ), "CEMIN", IF( AND( ISNUMBER(VALUE(Venta4[[#This Row],[N° Lote]])), LEN(Venta4[[#This Row],[N° Lote]])>4 ), "ENAMI", "ORIGEN NO DEFINIDO" ) ) ) ) -> CERRO NEGRO | I20: =IF( Venta4[[#This Row],[N° Lote]]="", "", IF( LEFT(Venta4[[#This Row],[N° Lote]],2)="CN", "Óxido", IF( AND( ISNUMBER(VALUE(Venta4[[#This Row],[N° Lote]])), LEN(Venta4[[#This Row],[N° Lote]])=4 ), "Óxido", IF( AND( ISNUMBER(VALUE(Venta4[[#This Row],[N° Lote]])), LEN(Venta4[[#This Row],[N° Lote]])>4 ), "Sulfuro", "" ) ) ) ) -> Óxido | Z20: 60067 | AA20: 6 | AB20: 188.38 | AN20: 27-ene | AO20: 1 | AP20: 29.8
B21: CN004 | C21: 1 | D21: RBWX-10 | E21: 46042 | F21: 27.26 | G21: {=IF( Venta4[[#This Row],[N° Lote]]="", "", IFERROR( INDEX( Mezcla!R:R, _xlfn.XLOOKUP(Venta4[[#This Row],[N° Lote]],Mezcla!R:R,ROW(Mezcla!R:R))+1 ), "" ) )} -> Minera la Cruz Vicente2 1 al 26 | H21: =IF( Venta4[[#This Row],[N° Lote]]="", "", IF( LEFT(Venta4[[#This Row],[N° Lote]],2)="CN", "CERRO NEGRO", IF( AND( ISNUMBER(VALUE(Venta4[[#This Row],[N° Lote]])), LEN(Venta4[[#This Row],[N° Lote]])=4 ), "CEMIN", IF( AND( ISNUMBER(VALUE(Venta4[[#This Row],[N° Lote]])), LEN(Venta4[[#This Row],[N° Lote]])>4 ), "ENAMI", "ORIGEN NO DEFINIDO" ) ) ) ) -> CERRO NEGRO | I21: =IF( Venta4[[#This Row],[N° Lote]]="", "", IF( LEFT(Venta4[[#This Row],[N° Lote]],2)="CN", "Óxido", IF( AND( ISNUMBER(VALUE(Venta4[[#This Row],[N° Lote]])), LEN(Venta4[[#This Row],[N° Lote]])=4 ), "Óxido", IF( AND( ISNUMBER(VALUE(Venta4[[#This Row],[N° Lote]])), LEN(Venta4[[#This Row],[N° Lote]])>4 ), "Sulfuro", "" ) ) ) ) -> Óxido | Z21: 60082 | AA21: 6 | AB21: 188.39 | AN21: 28-ene | AO21: 1 | AP21: 31.29
B22: CN004 | C22: 2 | D22: PYCH-48 | E22: 46042 | F22: 30 | G22: {=IF( Venta4[[#This Row],[N° Lote]]="", "", IFERROR( INDEX( Mezcla!R:R, _xlfn.XLOOKUP(Venta4[[#This Row],[N° Lote]],Mezcla!R:R,ROW(Mezcla!R:R))+1 ), "" ) )} -> Minera la Cruz Vicente2 1 al 26 | H22: =IF( Venta4[[#This Row],[N° Lote]]="", "", IF( LEFT(Venta4[[#This Row],[N° Lote]],2)="CN", "CERRO NEGRO", IF( AND( ISNUMBER(VALUE(Venta4[[#This Row],[N° Lote]])), LEN(Venta4[[#This Row],[N° Lote]])=4 ), "CEMIN", IF( AND( ISNUMBER(VALUE(Venta4[[#This Row],[N° Lote]])), LEN(Venta4[[#This Row],[N° Lote]])>4 ), "ENAMI", "ORIGEN NO DEFINIDO" ) ) ) ) -> CERRO NEGRO | I22: =IF( Venta4[[#This Row],[N° Lote]]="", "", IF( LEFT(Venta4[[#This Row],[N° Lote]],2)="CN", "Óxido", IF( AND( ISNUMBER(VALUE(Venta4[[#This Row],[N° Lote]])), LEN(Venta4[[#This Row],[N° Lote]])=4 ), "Óxido", IF( AND( ISNUMBER(VALUE(Venta4[[#This Row],[N° Lote]])), LEN(Venta4[[#This Row],[N° Lote]])>4 ), "Sulfuro", "" ) ) ) ) -> Óxido | Z22: 60090 | AA22: 6 | AB22: 184.19 | AN22: 29-ene | AO22: 1 | AP22: 32.45
B23: CN004 | C23: 3 | D23: RBWX-10 | E23: 46042 | F23: 25.99 | G23: {=IF( Venta4[[#This Row],[N° Lote]]="", "", IFERROR( INDEX( Mezcla!R:R, _xlfn.XLOOKUP(Venta4[[#This Row],[N° Lote]],Mezcla!R:R,ROW(Mezcla!R:R))+1 ), "" ) )} -> Minera la Cruz Vicente2 1 al 26 | H23: =IF( Venta4[[#This Row],[N° Lote]]="", "", IF( LEFT(Venta4[[#This Row],[N° Lote]],2)="CN", "CERRO NEGRO", IF( AND( ISNUMBER(VALUE(Venta4[[#This Row],[N° Lote]])), LEN(Venta4[[#This Row],[N° Lote]])=4 ), "CEMIN", IF( AND( ISNUMBER(VALUE(Venta4[[#This Row],[N° Lote]])), LEN(Venta4[[#This Row],[N° Lote]])>4 ), "ENAMI", "ORIGEN NO DEFINIDO" ) ) ) ) -> CERRO NEGRO | I23: =IF( Venta4[[#This Row],[N° Lote]]="", "", IF( LEFT(Venta4[[#This Row],[N° Lote]],2)="CN", "Óxido", IF( AND( ISNUMBER(VALUE(Venta4[[#This Row],[N° Lote]])), LEN(Venta4[[#This Row],[N° Lote]])=4 ), "Óxido", IF( AND( ISNUMBER(VALUE(Venta4[[#This Row],[N° Lote]])), LEN(Venta4[[#This Row],[N° Lote]])>4 ), "Sulfuro", "" ) ) ) ) -> Óxido | O23: =+SUM(N18:N23) -> 0 | Z23: 60092 | AA23: 4 | AB23: 125.88 | AN23: feb | AO23: 2 | AP23: 62.93
B24: 1219 | C24: 1 | D24: PYCH-48 | E24: 46043 | F24: 33.43 | G24: {=IF( Venta4[[#This Row],[N° Lote]]="", "", IFERROR( INDEX( Mezcla!R:R, _xlfn.XLOOKUP(Venta4[[#This Row],[N° Lote]],Mezcla!R:R,ROW(Mezcla!R:R))+1 ), "" ) )} -> Mra la cruz Vicente2 | H24: =IF( Venta4[[#This Row],[N° Lote]]="", "", IF( LEFT(Venta4[[#This Row],[N° Lote]],2)="CN", "CERRO NEGRO", IF( AND( ISNUMBER(VALUE(Venta4[[#This Row],[N° Lote]])), LEN(Venta4[[#This Row],[N° Lote]])=4 ), "CEMIN", IF( AND( ISNUMBER(VALUE(Venta4[[#This Row],[N° Lote]])), LEN(Venta4[[#This Row],[N° Lote]])>4 ), "ENAMI", "ORIGEN NO DEFINIDO" ) ) ) ) -> CEMIN | I24: =IF( Venta4[[#This Row],[N° Lote]]="", "", IF( LEFT(Venta4[[#This Row],[N° Lote]],2)="CN", "Óxido", IF( AND( ISNUMBER(VALUE(Venta4[[#This Row],[N° Lote]])), LEN(Venta4[[#This Row],[N° Lote]])=4 ), "Óxido", IF( AND( ISNUMBER(VALUE(Venta4[[#This Row],[N° Lote]])), LEN(Venta4[[#This Row],[N° Lote]])>4 ), "Sulfuro", "" ) ) ) ) -> Óxido | Z24: Total general | AA24: 95 | AB24: 2923.63 | AN24: 09-feb | AO24: 2 | AP24: 62.93
B25: 1219 | C25: 2 | D25: RBWX-10 | E25: 46043 | F25: 28.48 | G25: {=IF( Venta4[[#This Row],[N° Lote]]="", "", IFERROR( INDEX( Mezcla!R:R, _xlfn.XLOOKUP(Venta4[[#This Row],[N° Lote]],Mezcla!R:R,ROW(Mezcla!R:R))+1 ), "" ) )} -> Mra la cruz Vicente2 | H25: =IF( Venta4[[#This Row],[N° Lote]]="", "", IF( LEFT(Venta4[[#This Row],[N° Lote]],2)="CN", "CERRO NEGRO", IF( AND( ISNUMBER(VALUE(Venta4[[#This Row],[N° Lote]])), LEN(Venta4[[#This Row],[N° Lote]])=4 ), "CEMIN", IF( AND( ISNUMBER(VALUE(Venta4[[#This Row],[N° Lote]])), LEN(Venta4[[#This Row],[N° Lote]])>4 ), "ENAMI", "ORIGEN NO DEFINIDO" ) ) ) ) -> CEMIN | I25: =IF( Venta4[[#This Row],[N° Lote]]="", "", IF( LEFT(Venta4[[#This Row],[N° Lote]],2)="CN", "Óxido", IF( AND( ISNUMBER(VALUE(Venta4[[#This Row],[N° Lote]])), LEN(Venta4[[#This Row],[N° Lote]])=4 ), "Óxido", IF( AND( ISNUMBER(VALUE(Venta4[[#This Row],[N° Lote]])), LEN(Venta4[[#This Row],[N° Lote]])>4 ), "Sulfuro", "" ) ) ) ) -> Óxido | AN25: abr | AO25: 42 | AP25: 1353.02
B26: 1219 | C26: 3 | D26: PYCH-48 | E26: 46043 | F26: 34.6 | G26: {=IF( Venta4[[#This Row],[N° Lote]]="", "", IFERROR( INDEX( Mezcla!R:R, _xlfn.XLOOKUP(Venta4[[#This Row],[N° Lote]],Mezcla!R:R,ROW(Mezcla!R:R))+1 ), "" ) )} -> Mra la cruz Vicente2 | H26: =IF( Venta4[[#This Row],[N° Lote]]="", "", IF( LEFT(Venta4[[#This Row],[N° Lote]],2)="CN", "CERRO NEGRO", IF( AND( ISNUMBER(VALUE(Venta4[[#This Row],[N° Lote]])), LEN(Venta4[[#This Row],[N° Lote]])=4 ), "CEMIN", IF( AND( ISNUMBER(VALUE(Venta4[[#This Row],[N° Lote]])), LEN(Venta4[[#This Row],[N° Lote]])>4 ), "ENAMI", "ORIGEN NO DEFINIDO" ) ) ) ) -> CEMIN | I26: =IF( Venta4[[#This Row],[N° Lote]]="", "", IF( LEFT(Venta4[[#This Row],[N° Lote]],2)="CN", "Óxido", IF( AND( ISNUMBER(VALUE(Venta4[[#This Row],[N° Lote]])), LEN(Venta4[[#This Row],[N° Lote]])=4 ), "Óxido", IF( AND( ISNUMBER(VALUE(Venta4[[#This Row],[N° Lote]])), LEN(Venta4[[#This Row],[N° Lote]])>4 ), "Sulfuro", "" ) ) ) ) -> Óxido | AN26: 08-abr | AO26: 2 | AP26: 58.22
B27: 1219 | C27: 4 | D27: RBWX-10 | E27: 46044 | F27: 32.82 | G27: {=IF( Venta4[[#This Row],[N° Lote]]="", "", IFERROR( INDEX( Mezcla!R:R, _xlfn.XLOOKUP(Venta4[[#This Row],[N° Lote]],Mezcla!R:R,ROW(Mezcla!R:R))+1 ), "" ) )} -> Mra la cruz Vicente2 | H27: =IF( Venta4[[#This Row],[N° Lote]]="", "", IF( LEFT(Venta4[[#This Row],[N° Lote]],2)="CN", "CERRO NEGRO", IF( AND( ISNUMBER(VALUE(Venta4[[#This Row],[N° Lote]])), LEN(Venta4[[#This Row],[N° Lote]])=4 ), "CEMIN", IF( AND( ISNUMBER(VALUE(Venta4[[#This Row],[N° Lote]])), LEN(Venta4[[#This Row],[N° Lote]])>4 ), "ENAMI", "ORIGEN NO DEFINIDO" ) ) ) ) -> CEMIN | I27: =IF( Venta4[[#This Row],[N° Lote]]="", "", IF( LEFT(Venta4[[#This Row],[N° Lote]],2)="CN", "Óxido", IF( AND( ISNUMBER(VALUE(Venta4[[#This Row],[N° Lote]])), LEN(Venta4[[#This Row],[N° Lote]])=4 ), "Óxido", IF( AND( ISNUMBER(VALUE(Venta4[[#This Row],[N° Lote]])), LEN(Venta4[[#This Row],[N° Lote]])>4 ), "Sulfuro", "" ) ) ) ) -> Óxido | AN27: 09-abr | AO27: 2 | AP27: 59.99
B28: 10064 | C28: 1 | D28: PYCH-48 | E28: 46044 | F28: 26.61 | G28: {=IF( Venta4[[#This Row],[N° Lote]]="", "", IFERROR( INDEX( Mezcla!R:R, _xlfn.XLOOKUP(Venta4[[#This Row],[N° Lote]],Mezcla!R:R,ROW(Mezcla!R:R))+1 ), "" ) )} -> 3H COPPER El Sauce | H28: =IF( Venta4[[#This Row],[N° Lote]]="", "", IF( LEFT(Venta4[[#This Row],[N° Lote]],2)="CN", "CERRO NEGRO", IF( AND( ISNUMBER(VALUE(Venta4[[#This Row],[N° Lote]])), LEN(Venta4[[#This Row],[N° Lote]])=4 ), "CEMIN", IF( AND( ISNUMBER(VALUE(Venta4[[#This Row],[N° Lote]])), LEN(Venta4[[#This Row],[N° Lote]])>4 ), "ENAMI", "ORIGEN NO DEFINIDO" ) ) ) ) -> ENAMI | I28: =IF( Venta4[[#This Row],[N° Lote]]="", "", IF( LEFT(Venta4[[#This Row],[N° Lote]],2)="CN", "Óxido", IF( AND( ISNUMBER(VALUE(Venta4[[#This Row],[N° Lote]])), LEN(Venta4[[#This Row],[N° Lote]])=4 ), "Óxido", IF( AND( ISNUMBER(VALUE(Venta4[[#This Row],[N° Lote]])), LEN(Venta4[[#This Row],[N° Lote]])>4 ), "Sulfuro", "" ) ) ) ) -> Sulfuro | AN28: 10-abr | AO28: 2 | AP28: 60.03
B29: 1219 | C29: 5 | D29: RBWX-10 | E29: 46045 | F29: 31.81 | G29: {=IF( Venta4[[#This Row],[N° Lote]]="", "", IFERROR( INDEX( Mezcla!R:R, _xlfn.XLOOKUP(Venta4[[#This Row],[N° Lote]],Mezcla!R:R,ROW(Mezcla!R:R))+1 ), "" ) )} -> Mra la cruz Vicente2 | H29: =IF( Venta4[[#This Row],[N° Lote]]="", "", IF( LEFT(Venta4[[#This Row],[N° Lote]],2)="CN", "CERRO NEGRO", IF( AND( ISNUMBER(VALUE(Venta4[[#This Row],[N° Lote]])), LEN(Venta4[[#This Row],[N° Lote]])=4 ), "CEMIN", IF( AND( ISNUMBER(VALUE(Venta4[[#This Row],[N° Lote]])), LEN(Venta4[[#This Row],[N° Lote]])>4 ), "ENAMI", "ORIGEN NO DEFINIDO" ) ) ) ) -> CEMIN | I29: =IF( Venta4[[#This Row],[N° Lote]]="", "", IF( LEFT(Venta4[[#This Row],[N° Lote]],2)="CN", "Óxido", IF( AND( ISNUMBER(VALUE(Venta4[[#This Row],[N° Lote]])), LEN(Venta4[[#This Row],[N° Lote]])=4 ), "Óxido", IF( AND( ISNUMBER(VALUE(Venta4[[#This Row],[N° Lote]])), LEN(Venta4[[#This Row],[N° Lote]])>4 ), "Sulfuro", "" ) ) ) ) -> Óxido | AN29: 13-abr | AO29: 2 | AP29: 68.16
B30: 10064 | C30: 2 | D30: PYCH-48 | E30: 46048 | F30: 29.16 | G30: {=IF( Venta4[[#This Row],[N° Lote]]="", "", IFERROR( INDEX( Mezcla!R:R, _xlfn.XLOOKUP(Venta4[[#This Row],[N° Lote]],Mezcla!R:R,ROW(Mezcla!R:R))+1 ), "" ) )} -> 3H COPPER El Sauce | H30: =IF( Venta4[[#This Row],[N° Lote]]="", "", IF( LEFT(Venta4[[#This Row],[N° Lote]],2)="CN", "CERRO NEGRO", IF( AND( ISNUMBER(VALUE(Venta4[[#This Row],[N° Lote]])), LEN(Venta4[[#This Row],[N° Lote]])=4 ), "CEMIN", IF( AND( ISNUMBER(VALUE(Venta4[[#This Row],[N° Lote]])), LEN(Venta4[[#This Row],[N° Lote]])>4 ), "ENAMI", "ORIGEN NO DEFINIDO" ) ) ) ) -> ENAMI | I30: =IF( Venta4[[#This Row],[N° Lote]]="", "", IF( LEFT(Venta4[[#This Row],[N° Lote]],2)="CN", "Óxido", IF( AND( ISNUMBER(VALUE(Venta4[[#This Row],[N° Lote]])), LEN(Venta4[[#This Row],[N° Lote]])=4 ), "Óxido", IF( AND( ISNUMBER(VALUE(Venta4[[#This Row],[N° Lote]])), LEN(Venta4[[#This Row],[N° Lote]])>4 ), "Sulfuro", "" ) ) ) ) -> Sulfuro | AN30: 14-abr | AO30: 1 | AP30: 30.37
B31: 10082 | C31: 1 | D31: PYCH-48 | E31: 46049 | F31: 29.8 | G31: {=IF( Venta4[[#This Row],[N° Lote]]="", "", IFERROR( INDEX( Mezcla!R:R, _xlfn.XLOOKUP(Venta4[[#This Row],[N° Lote]],Mezcla!R:R,ROW(Mezcla!R:R))+1 ), "" ) )} -> 3H COPPER El Sauce | H31: =IF( Venta4[[#This Row],[N° Lote]]="", "", IF( LEFT(Venta4[[#This Row],[N° Lote]],2)="CN", "CERRO NEGRO", IF( AND( ISNUMBER(VALUE(Venta4[[#This Row],[N° Lote]])), LEN(Venta4[[#This Row],[N° Lote]])=4 ), "CEMIN", IF( AND( ISNUMBER(VALUE(Venta4[[#This Row],[N° Lote]])), LEN(Venta4[[#This Row],[N° Lote]])>4 ), "ENAMI", "ORIGEN NO DEFINIDO" ) ) ) ) -> ENAMI | I31: =IF( Venta4[[#This Row],[N° Lote]]="", "", IF( LEFT(Venta4[[#This Row],[N° Lote]],2)="CN", "Óxido", IF( AND( ISNUMBER(VALUE(Venta4[[#This Row],[N° Lote]])), LEN(Venta4[[#This Row],[N° Lote]])=4 ), "Óxido", IF( AND( ISNUMBER(VALUE(Venta4[[#This Row],[N° Lote]])), LEN(Venta4[[#This Row],[N° Lote]])>4 ), "Sulfuro", "" ) ) ) ) -> Sulfuro | AN31: 15-abr | AO31: 1 | AP31: 36.64
B32: 10082 | C32: 2 | D32: RBWX-10 | E32: 46050 | F32: 31.29 | G32: {=IF( Venta4[[#This Row],[N° Lote]]="", "", IFERROR( INDEX( Mezcla!R:R, _xlfn.XLOOKUP(Venta4[[#This Row],[N° Lote]],Mezcla!R:R,ROW(Mezcla!R:R))+1 ), "" ) )} -> 3H COPPER El Sauce | H32: =IF( Venta4[[#This Row],[N° Lote]]="", "", IF( LEFT(Venta4[[#This Row],[N° Lote]],2)="CN", "CERRO NEGRO", IF( AND( ISNUMBER(VALUE(Venta4[[#This Row],[N° Lote]])), LEN(Venta4[[#This Row],[N° Lote]])=4 ), "CEMIN", IF( AND( ISNUMBER(VALUE(Venta4[[#This Row],[N° Lote]])), LEN(Venta4[[#This Row],[N° Lote]])>4 ), "ENAMI", "ORIGEN NO DEFINIDO" ) ) ) ) -> ENAMI | I32: =IF( Venta4[[#This Row],[N° Lote]]="", "", IF( LEFT(Venta4[[#This Row],[N° Lote]],2)="CN", "Óxido", IF( AND( ISNUMBER(VALUE(Venta4[[#This Row],[N° Lote]])), LEN(Venta4[[#This Row],[N° Lote]])=4 ), "Óxido", IF( AND( ISNUMBER(VALUE(Venta4[[#This Row],[N° Lote]])), LEN(Venta4[[#This Row],[N° Lote]])>4 ), "Sulfuro", "" ) ) ) ) -> Sulfuro | AN32: 16-abr | AO32: 2 | AP32: 60.29
B33: 10082 | C33: 3 | D33: PYCH-48 | E33: 46051 | F33: 32.45 | G33: {=IF( Venta4[[#This Row],[N° Lote]]="", "", IFERROR( INDEX( Mezcla!R:R, _xlfn.XLOOKUP(Venta4[[#This Row],[N° Lote]],Mezcla!R:R,ROW(Mezcla!R:R))+1 ), "" ) )} -> 3H COPPER El Sauce | H33: =IF( Venta4[[#This Row],[N° Lote]]="", "", IF( LEFT(Venta4[[#This Row],[N° Lote]],2)="CN", "CERRO NEGRO", IF( AND( ISNUMBER(VALUE(Venta4[[#This Row],[N° Lote]])), LEN(Venta4[[#This Row],[N° Lote]])=4 ), "CEMIN", IF( AND( ISNUMBER(VALUE(Venta4[[#This Row],[N° Lote]])), LEN(Venta4[[#This Row],[N° Lote]])>4 ), "ENAMI", "ORIGEN NO DEFINIDO" ) ) ) ) -> ENAMI | I33: =IF( Venta4[[#This Row],[N° Lote]]="", "", IF( LEFT(Venta4[[#This Row],[N° Lote]],2)="CN", "Óxido", IF( AND( ISNUMBER(VALUE(Venta4[[#This Row],[N° Lote]])), LEN(Venta4[[#This Row],[N° Lote]])=4 ), "Óxido", IF( AND( ISNUMBER(VALUE(Venta4[[#This Row],[N° Lote]])), LEN(Venta4[[#This Row],[N° Lote]])>4 ), "Sulfuro", "" ) ) ) ) -> Sulfuro | AN33: 17-abr | AO33: 2 | AP33: 64.93
B34: 20026 | C34: 1 | D34: PYCH-48 | E34: 46062 | F34: 29.39 | G34: {=IF( Venta4[[#This Row],[N° Lote]]="", "", IFERROR( INDEX( Mezcla!R:R, _xlfn.XLOOKUP(Venta4[[#This Row],[N° Lote]],Mezcla!R:R,ROW(Mezcla!R:R))+1 ), "" ) )} -> 3H COPPER El Sauce | H34: =IF( Venta4[[#This Row],[N° Lote]]="", "", IF( LEFT(Venta4[[#This Row],[N° Lote]],2)="CN", "CERRO NEGRO", IF( AND( ISNUMBER(VALUE(Venta4[[#This Row],[N° Lote]])), LEN(Venta4[[#This Row],[N° Lote]])=4 ), "CEMIN", IF( AND( ISNUMBER(VALUE(Venta4[[#This Row],[N° Lote]])), LEN(Venta4[[#This Row],[N° Lote]])>4 ), "ENAMI", "ORIGEN NO DEFINIDO" ) ) ) ) -> ENAMI | I34: =IF( Venta4[[#This Row],[N° Lote]]="", "", IF( LEFT(Venta4[[#This Row],[N° Lote]],2)="CN", "Óxido", IF( AND( ISNUMBER(VALUE(Venta4[[#This Row],[N° Lote]])), LEN(Venta4[[#This Row],[N° Lote]])=4 ), "Óxido", IF( AND( ISNUMBER(VALUE(Venta4[[#This Row],[N° Lote]])), LEN(Venta4[[#This Row],[N° Lote]])>4 ), "Sulfuro", "" ) ) ) ) -> Sulfuro | AN34: 20-abr | AO34: 4 | AP34: 125.37
B35: 20026 | C35: 2 | D35: RBWX-10 | E35: 46062 | F35: 33.54 | G35: {=IF( Venta4[[#This Row],[N° Lote]]="", "", IFERROR( INDEX( Mezcla!R:R, _xlfn.XLOOKUP(Venta4[[#This Row],[N° Lote]],Mezcla!R:R,ROW(Mezcla!R:R))+1 ), "" ) )} -> 3H COPPER El Sauce | H35: =IF( Venta4[[#This Row],[N° Lote]]="", "", IF( LEFT(Venta4[[#This Row],[N° Lote]],2)="CN", "CERRO NEGRO", IF( AND( ISNUMBER(VALUE(Venta4[[#This Row],[N° Lote]])), LEN(Venta4[[#This Row],[N° Lote]])=4 ), "CEMIN", IF( AND( ISNUMBER(VALUE(Venta4[[#This Row],[N° Lote]])), LEN(Venta4[[#This Row],[N° Lote]])>4 ), "ENAMI", "ORIGEN NO DEFINIDO" ) ) ) ) -> ENAMI | I35: =IF( Venta4[[#This Row],[N° Lote]]="", "", IF( LEFT(Venta4[[#This Row],[N° Lote]],2)="CN", "Óxido", IF( AND( ISNUMBER(VALUE(Venta4[[#This Row],[N° Lote]])), LEN(Venta4[[#This Row],[N° Lote]])=4 ), "Óxido", IF( AND( ISNUMBER(VALUE(Venta4[[#This Row],[N° Lote]])), LEN(Venta4[[#This Row],[N° Lote]])>4 ), "Sulfuro", "" ) ) ) ) -> Sulfuro | AN35: 21-abr | AO35: 2 | AP35: 68.28
A36: ABRIL | B36: 40018 | C36: 1 | D36: PYCH-48 | E36: 46120 | F36: 30.52 | G36: {=IF( Venta4[[#This Row],[N° Lote]]="", "", IFERROR( INDEX( Mezcla!T:T, _xlfn.XLOOKUP(Venta4[[#This Row],[N° Lote]],Mezcla!T:T,ROW(Mezcla!T:T))+1 ), "" ) )} -> Minera la Cruz | H36: =IF( Venta4[[#This Row],[N° Lote]]="", "", IF( LEFT(Venta4[[#This Row],[N° Lote]],2)="CN", "CERRO NEGRO", IF( AND( ISNUMBER(VALUE(Venta4[[#This Row],[N° Lote]])), LEN(Venta4[[#This Row],[N° Lote]])=4 ), "CEMIN", IF( AND( ISNUMBER(VALUE(Venta4[[#This Row],[N° Lote]])), LEN(Venta4[[#This Row],[N° Lote]])>4 ), "ENAMI", "ORIGEN NO DEFINIDO" ) ) ) ) -> ENAMI | I36: =IF( Venta4[[#This Row],[N° Lote]]="", "", IF( LEFT(Venta4[[#This Row],[N° Lote]],2)="CN", "Óxido", IF( AND( ISNUMBER(VALUE(Venta4[[#This Row],[N° Lote]])), LEN(Venta4[[#This Row],[N° Lote]])=4 ), "Óxido", IF( AND( ISNUMBER(VALUE(Venta4[[#This Row],[N° Lote]])), LEN(Venta4[[#This Row],[N° Lote]])>4 ), "Sulfuro", "" ) ) ) ) -> Sulfuro | AN36: 22-abr | AO36: 4 | AP36: 136.78
B37: 40018 | C37: 2 | D37: RBWX-10 | E37: 46120 | F37: 27.7 | G37: {=IF( Venta4[[#This Row],[N° Lote]]="", "", IFERROR( INDEX( Mezcla!T:T, _xlfn.XLOOKUP(Venta4[[#This Row],[N° Lote]],Mezcla!T:T,ROW(Mezcla!T:T))+1 ), "" ) )} -> Minera la Cruz | H37: =IF( Venta4[[#This Row],[N° Lote]]="", "", IF( LEFT(Venta4[[#This Row],[N° Lote]],2)="CN", "CERRO NEGRO", IF( AND( ISNUMBER(VALUE(Venta4[[#This Row],[N° Lote]])), LEN(Venta4[[#This Row],[N° Lote]])=4 ), "CEMIN", IF( AND( ISNUMBER(VALUE(Venta4[[#This Row],[N° Lote]])), LEN(Venta4[[#This Row],[N° Lote]])>4 ), "ENAMI", "ORIGEN NO DEFINIDO" ) ) ) ) -> ENAMI | I37: =IF( Venta4[[#This Row],[N° Lote]]="", "", IF( LEFT(Venta4[[#This Row],[N° Lote]],2)="CN", "Óxido", IF( AND( ISNUMBER(VALUE(Venta4[[#This Row],[N° Lote]])), LEN(Venta4[[#This Row],[N° Lote]])=4 ), "Óxido", IF( AND( ISNUMBER(VALUE(Venta4[[#This Row],[N° Lote]])), LEN(Venta4[[#This Row],[N° Lote]])>4 ), "Sulfuro", "" ) ) ) ) -> Sulfuro | AN37: 23-abr | AO37: 3 | AP37: 90.18
B38: 40018 | C38: 3 | D38: PYCH-48 | E38: 46121 | F38: 30.63 | G38: {=IF( Venta4[[#This Row],[N° Lote]]="", "", IFERROR( INDEX( Mezcla!T:T, _xlfn.XLOOKUP(Venta4[[#This Row],[N° Lote]],Mezcla!T:T,ROW(Mezcla!T:T))+1 ), "" ) )} -> Minera la Cruz | H38: =IF( Venta4[[#This Row],[N° Lote]]="", "", IF( LEFT(Venta4[[#This Row],[N° Lote]],2)="CN", "CERRO NEGRO", IF( AND( ISNUMBER(VALUE(Venta4[[#This Row],[N° Lote]])), LEN(Venta4[[#This Row],[N° Lote]])=4 ), "CEMIN", IF( AND( ISNUMBER(VALUE(Venta4[[#This Row],[N° Lote]])), LEN(Venta4[[#This Row],[N° Lote]])>4 ), "ENAMI", "ORIGEN NO DEFINIDO" ) ) ) ) -> ENAMI | I38: =IF( Venta4[[#This Row],[N° Lote]]="", "", IF( LEFT(Venta4[[#This Row],[N° Lote]],2)="CN", "Óxido", IF( AND( ISNUMBER(VALUE(Venta4[[#This Row],[N° Lote]])), LEN(Venta4[[#This Row],[N° Lote]])=4 ), "Óxido", IF( AND( ISNUMBER(VALUE(Venta4[[#This Row],[N° Lote]])), LEN(Venta4[[#This Row],[N° Lote]])>4 ), "Sulfuro", "" ) ) ) ) -> Sulfuro | AN38: 24-abr | AO38: 4 | AP38: 132.52
B39: 40018 | C39: 4 | D39: RBWX-10 | E39: 46121 | F39: 29.36 | G39: {=IF( Venta4[[#This Row],[N° Lote]]="", "", IFERROR( INDEX( Mezcla!T:T, _xlfn.XLOOKUP(Venta4[[#This Row],[N° Lote]],Mezcla!T:T,ROW(Mezcla!T:T))+1 ), "" ) )} -> Minera la Cruz | H39: =IF( Venta4[[#This Row],[N° Lote]]="", "", IF( LEFT(Venta4[[#This Row],[N° Lote]],2)="CN", "CERRO NEGRO", IF( AND( ISNUMBER(VALUE(Venta4[[#This Row],[N° Lote]])), LEN(Venta4[[#This Row],[N° Lote]])=4 ), "CEMIN", IF( AND( ISNUMBER(VALUE(Venta4[[#This Row],[N° Lote]])), LEN(Venta4[[#This Row],[N° Lote]])>4 ), "ENAMI", "ORIGEN NO DEFINIDO" ) ) ) ) -> ENAMI | I39: =IF( Venta4[[#This Row],[N° Lote]]="", "", IF( LEFT(Venta4[[#This Row],[N° Lote]],2)="CN", "Óxido", IF( AND( ISNUMBER(VALUE(Venta4[[#This Row],[N° Lote]])), LEN(Venta4[[#This Row],[N° Lote]])=4 ), "Óxido", IF( AND( ISNUMBER(VALUE(Venta4[[#This Row],[N° Lote]])), LEN(Venta4[[#This Row],[N° Lote]])>4 ), "Sulfuro", "" ) ) ) ) -> Sulfuro | AN39: 25-abr | AO39: 2 | AP39: 64.63
B40: 40030 | C40: 1 | D40: PYCH-48 | E40: 46122 | F40: 31.09 | G40: {=IF( Venta4[[#This Row],[N° Lote]]="", "", IFERROR( INDEX( Mezcla!T:T, _xlfn.XLOOKUP(Venta4[[#This Row],[N° Lote]],Mezcla!T:T,ROW(Mezcla!T:T))+1 ), "" ) )} -> Minera la Cruz | H40: =IF( Venta4[[#This Row],[N° Lote]]="", "", IF( LEFT(Venta4[[#This Row],[N° Lote]],2)="CN", "CERRO NEGRO", IF( AND( ISNUMBER(VALUE(Venta4[[#This Row],[N° Lote]])), LEN(Venta4[[#This Row],[N° Lote]])=4 ), "CEMIN", IF( AND( ISNUMBER(VALUE(Venta4[[#This Row],[N° Lote]])), LEN(Venta4[[#This Row],[N° Lote]])>4 ), "ENAMI", "ORIGEN NO DEFINIDO" ) ) ) ) -> ENAMI | I40: =IF( Venta4[[#This Row],[N° Lote]]="", "", IF( LEFT(Venta4[[#This Row],[N° Lote]],2)="CN", "Óxido", IF( AND( ISNUMBER(VALUE(Venta4[[#This Row],[N° Lote]])), LEN(Venta4[[#This Row],[N° Lote]])=4 ), "Óxido", IF( AND( ISNUMBER(VALUE(Venta4[[#This Row],[N° Lote]])), LEN(Venta4[[#This Row],[N° Lote]])>4 ), "Sulfuro", "" ) ) ) ) -> Sulfuro | AN40: 27-abr | AO40: 3 | AP40: 94.21
B41: 40030 | C41: 2 | D41: RBWX-10 | E41: 46122 | F41: 28.94 | G41: {=IF( Venta4[[#This Row],[N° Lote]]="", "", IFERROR( INDEX( Mezcla!T:T, _xlfn.XLOOKUP(Venta4[[#This Row],[N° Lote]],Mezcla!T:T,ROW(Mezcla!T:T))+1 ), "" ) )} -> Minera la Cruz | H41: =IF( Venta4[[#This Row],[N° Lote]]="", "", IF( LEFT(Venta4[[#This Row],[N° Lote]],2)="CN", "CERRO NEGRO", IF( AND( ISNUMBER(VALUE(Venta4[[#This Row],[N° Lote]])), LEN(Venta4[[#This Row],[N° Lote]])=4 ), "CEMIN", IF( AND( ISNUMBER(VALUE(Venta4[[#This Row],[N° Lote]])), LEN(Venta4[[#This Row],[N° Lote]])>4 ), "ENAMI", "ORIGEN NO DEFINIDO" ) ) ) ) -> ENAMI | I41: =IF( Venta4[[#This Row],[N° Lote]]="", "", IF( LEFT(Venta4[[#This Row],[N° Lote]],2)="CN", "Óxido", IF( AND( ISNUMBER(VALUE(Venta4[[#This Row],[N° Lote]])), LEN(Venta4[[#This Row],[N° Lote]])=4 ), "Óxido", IF( AND( ISNUMBER(VALUE(Venta4[[#This Row],[N° Lote]])), LEN(Venta4[[#This Row],[N° Lote]])>4 ), "Sulfuro", "" ) ) ) ) -> Sulfuro | AN41: 28-abr | AO41: 3 | AP41: 103.07
B42: CN401 | C42: 1 | D42: PYCH-48 | E42: 46125 | F42: 37.25 | G42: {=IF( Venta4[[#This Row],[N° Lote]]="", "", IFERROR( INDEX( Mezcla!T:T, _xlfn.XLOOKUP(Venta4[[#This Row],[N° Lote]],Mezcla!T:T,ROW(Mezcla!T:T))+1 ), "" ) )} -> Minera la Cruz Vicente2 1 al 26 | H42: =IF( Venta4[[#This Row],[N° Lote]]="", "", IF( LEFT(Venta4[[#This Row],[N° Lote]],2)="CN", "CERRO NEGRO", IF( AND( ISNUMBER(VALUE(Venta4[[#This Row],[N° Lote]])), LEN(Venta4[[#This Row],[N° Lote]])=4 ), "CEMIN", IF( AND( ISNUMBER(VALUE(Venta4[[#This Row],[N° Lote]])), LEN(Venta4[[#This Row],[N° Lote]])>4 ), "ENAMI", "ORIGEN NO DEFINIDO" ) ) ) ) -> CERRO NEGRO | I42: =IF( Venta4[[#This Row],[N° Lote]]="", "", IF( LEFT(Venta4[[#This Row],[N° Lote]],2)="CN", "Sulfuro", IF( AND( ISNUMBER(VALUE(Venta4[[#This Row],[N° Lote]])), LEN(Venta4[[#This Row],[N° Lote]])=4 ), "Óxido", IF( AND( ISNUMBER(VALUE(Venta4[[#This Row],[N° Lote]])), LEN(Venta4[[#This Row],[N° Lote]])>4 ), "Sulfuro", "" ) ) ) ) -> Sulfuro | AN42: 29-abr | AO42: 1 | AP42: 35.43
B43: CN401 | C43: 2 | D43: RBWX-10 | E43: 46125 | F43: 30.91 | G43: {=IF( Venta4[[#This Row],[N° Lote]]="", "", IFERROR( INDEX( Mezcla!T:T, _xlfn.XLOOKUP(Venta4[[#This Row],[N° Lote]],Mezcla!T:T,ROW(Mezcla!T:T))+1 ), "" ) )} -> Minera la Cruz Vicente2 1 al 26 | H43: =IF( Venta4[[#This Row],[N° Lote]]="", "", IF( LEFT(Venta4[[#This Row],[N° Lote]],2)="CN", "CERRO NEGRO", IF( AND( ISNUMBER(VALUE(Venta4[[#This Row],[N° Lote]])), LEN(Venta4[[#This Row],[N° Lote]])=4 ), "CEMIN", IF( AND( ISNUMBER(VALUE(Venta4[[#This Row],[N° Lote]])), LEN(Venta4[[#This Row],[N° Lote]])>4 ), "ENAMI", "ORIGEN NO DEFINIDO" ) ) ) ) -> CERRO NEGRO | I43: =IF( Venta4[[#This Row],[N° Lote]]="", "", IF( LEFT(Venta4[[#This Row],[N° Lote]],2)="CN", "Sulfuro", IF( AND( ISNUMBER(VALUE(Venta4[[#This Row],[N° Lote]])), LEN(Venta4[[#This Row],[N° Lote]])=4 ), "Óxido", IF( AND( ISNUMBER(VALUE(Venta4[[#This Row],[N° Lote]])), LEN(Venta4[[#This Row],[N° Lote]])>4 ), "Sulfuro", "" ) ) ) ) -> Sulfuro | AN43: 30-abr | AO43: 2 | AP43: 63.92
B44: 40030 | C44: 3 | D44: PYCH-48 | E44: 46126 | F44: 30.37 | G44: {=IF( Venta4[[#This Row],[N° Lote]]="", "", IFERROR( INDEX( Mezcla!T:T, _xlfn.XLOOKUP(Venta4[[#This Row],[N° Lote]],Mezcla!T:T,ROW(Mezcla!T:T))+1 ), "" ) )} -> Minera la Cruz | H44: =IF( Venta4[[#This Row],[N° Lote]]="", "", IF( LEFT(Venta4[[#This Row],[N° Lote]],2)="CN", "CERRO NEGRO", IF( AND( ISNUMBER(VALUE(Venta4[[#This Row],[N° Lote]])), LEN(Venta4[[#This Row],[N° Lote]])=4 ), "CEMIN", IF( AND( ISNUMBER(VALUE(Venta4[[#This Row],[N° Lote]])), LEN(Venta4[[#This Row],[N° Lote]])>4 ), "ENAMI", "ORIGEN NO DEFINIDO" ) ) ) ) -> ENAMI | I44: =IF( Venta4[[#This Row],[N° Lote]]="", "", IF( LEFT(Venta4[[#This Row],[N° Lote]],2)="CN", "Sulfuro", IF( AND( ISNUMBER(VALUE(Venta4[[#This Row],[N° Lote]])), LEN(Venta4[[#This Row],[N° Lote]])=4 ), "Óxido", IF( AND( ISNUMBER(VALUE(Venta4[[#This Row],[N° Lote]])), LEN(Venta4[[#This Row],[N° Lote]])>4 ), "Sulfuro", "" ) ) ) ) -> Sulfuro | AN44: may | AO44: 84 | AP44: 2649.41
B45: CN401 | C45: 3 | D45: PYCH-48 | E45: 46127 | F45: 36.64 | G45: {=IF( Venta4[[#This Row],[N° Lote]]="", "", IFERROR( INDEX( Mezcla!T:T, _xlfn.XLOOKUP(Venta4[[#This Row],[N° Lote]],Mezcla!T:T,ROW(Mezcla!T:T))+1 ), "" ) )} -> Minera la Cruz Vicente2 1 al 26 | H45: =IF( Venta4[[#This Row],[N° Lote]]="", "", IF( LEFT(Venta4[[#This Row],[N° Lote]],2)="CN", "CERRO NEGRO", IF( AND( ISNUMBER(VALUE(Venta4[[#This Row],[N° Lote]])), LEN(Venta4[[#This Row],[N° Lote]])=4 ), "CEMIN", IF( AND( ISNUMBER(VALUE(Venta4[[#This Row],[N° Lote]])), LEN(Venta4[[#This Row],[N° Lote]])>4 ), "ENAMI", "ORIGEN NO DEFINIDO" ) ) ) ) -> CERRO NEGRO | I45: =IF( Venta4[[#This Row],[N° Lote]]="", "", IF( LEFT(Venta4[[#This Row],[N° Lote]],2)="CN", "Sulfuro", IF( AND( ISNUMBER(VALUE(Venta4[[#This Row],[N° Lote]])), LEN(Venta4[[#This Row],[N° Lote]])=4 ), "Óxido", IF( AND( ISNUMBER(VALUE(Venta4[[#This Row],[N° Lote]])), LEN(Venta4[[#This Row],[N° Lote]])>4 ), "Sulfuro", "" ) ) ) ) -> Sulfuro | AN45: 04-may | AO45: 4 | AP45: 131.87
B46: CN401 | C46: 4 | D46: PYCH-48 | E46: 46128 | F46: 30.9 | G46: {=IF( Venta4[[#This Row],[N° Lote]]="", "", IFERROR( INDEX( Mezcla!T:T, _xlfn.XLOOKUP(Venta4[[#This Row],[N° Lote]],Mezcla!T:T,ROW(Mezcla!T:T))+1 ), "" ) )} -> Minera la Cruz Vicente2 1 al 26 | H46: =IF( Venta4[[#This Row],[N° Lote]]="", "", IF( LEFT(Venta4[[#This Row],[N° Lote]],2)="CN", "CERRO NEGRO", IF( AND( ISNUMBER(VALUE(Venta4[[#This Row],[N° Lote]])), LEN(Venta4[[#This Row],[N° Lote]])=4 ), "CEMIN", IF( AND( ISNUMBER(VALUE(Venta4[[#This Row],[N° Lote]])), LEN(Venta4[[#This Row],[N° Lote]])>4 ), "ENAMI", "ORIGEN NO DEFINIDO" ) ) ) ) -> CERRO NEGRO | I46: =IF( Venta4[[#This Row],[N° Lote]]="", "", IF( LEFT(Venta4[[#This Row],[N° Lote]],2)="CN", "Sulfuro", IF( AND( ISNUMBER(VALUE(Venta4[[#This Row],[N° Lote]])), LEN(Venta4[[#This Row],[N° Lote]])=4 ), "Óxido", IF( AND( ISNUMBER(VALUE(Venta4[[#This Row],[N° Lote]])), LEN(Venta4[[#This Row],[N° Lote]])>4 ), "Sulfuro", "" ) ) ) ) -> Sulfuro | AN46: 05-may | AO46: 2 | AP46: 64.58
B47: CN401 | C47: 5 | D47: RBWX-10 | E47: 46128 | F47: 29.39 | G47: {=IF( Venta4[[#This Row],[N° Lote]]="", "", IFERROR( INDEX( Mezcla!T:T, _xlfn.XLOOKUP(Venta4[[#This Row],[N° Lote]],Mezcla!T:T,ROW(Mezcla!T:T))+1 ), "" ) )} -> Minera la Cruz Vicente2 1 al 26 | H47: =IF( Venta4[[#This Row],[N° Lote]]="", "", IF( LEFT(Venta4[[#This Row],[N° Lote]],2)="CN", "CERRO NEGRO", IF( AND( ISNUMBER(VALUE(Venta4[[#This Row],[N° Lote]])), LEN(Venta4[[#This Row],[N° Lote]])=4 ), "CEMIN", IF( AND( ISNUMBER(VALUE(Venta4[[#This Row],[N° Lote]])), LEN(Venta4[[#This Row],[N° Lote]])>4 ), "ENAMI", "ORIGEN NO DEFINIDO" ) ) ) ) -> CERRO NEGRO | I47: =IF( Venta4[[#This Row],[N° Lote]]="", "", IF( LEFT(Venta4[[#This Row],[N° Lote]],2)="CN", "Sulfuro", IF( AND( ISNUMBER(VALUE(Venta4[[#This Row],[N° Lote]])), LEN(Venta4[[#This Row],[N° Lote]])=4 ), "Óxido", IF( AND( ISNUMBER(VALUE(Venta4[[#This Row],[N° Lote]])), LEN(Venta4[[#This Row],[N° Lote]])>4 ), "Sulfuro", "" ) ) ) ) -> Sulfuro | AN47: 06-may | AO47: 4 | AP47: 127.6
B48: CN402 | C48: 1 | D48: PYCH-48 | E48: 46129 | F48: 35 | G48: {=IF( Venta4[[#This Row],[N° Lote]]="", "", IFERROR( INDEX( Mezcla!T:T, _xlfn.XLOOKUP(Venta4[[#This Row],[N° Lote]],Mezcla!T:T,ROW(Mezcla!T:T))+1 ), "" ) )} -> 3H COPPER EL SAUCE 1 AL 5 | H48: =IF( Venta4[[#This Row],[N° Lote]]="", "", IF( LEFT(Venta4[[#This Row],[N° Lote]],2)="CN", "CERRO NEGRO", IF( AND( ISNUMBER(VALUE(Venta4[[#This Row],[N° Lote]])), LEN(Venta4[[#This Row],[N° Lote]])=4 ), "CEMIN", IF( AND( ISNUMBER(VALUE(Venta4[[#This Row],[N° Lote]])), LEN(Venta4[[#This Row],[N° Lote]])>4 ), "ENAMI", "ORIGEN NO DEFINIDO" ) ) ) ) -> CERRO NEGRO | I48: =IF( Venta4[[#This Row],[N° Lote]]="", "", IF( LEFT(Venta4[[#This Row],[N° Lote]],2)="CN", "Sulfuro", IF( AND( ISNUMBER(VALUE(Venta4[[#This Row],[N° Lote]])), LEN(Venta4[[#This Row],[N° Lote]])=4 ), "Óxido", IF( AND( ISNUMBER(VALUE(Venta4[[#This Row],[N° Lote]])), LEN(Venta4[[#This Row],[N° Lote]])>4 ), "Sulfuro", "" ) ) ) ) -> Sulfuro | AN48: 07-may | AO48: 3 | AP48: 83.8
B49: CN402 | C49: 2 | D49: RBWX-10 | E49: 46129 | F49: 29.93 | G49: {=IF( Venta4[[#This Row],[N° Lote]]="", "", IFERROR( INDEX( Mezcla!T:T, _xlfn.XLOOKUP(Venta4[[#This Row],[N° Lote]],Mezcla!T:T,ROW(Mezcla!T:T))+1 ), "" ) )} -> 3H COPPER EL SAUCE 1 AL 5 | H49: =IF( Venta4[[#This Row],[N° Lote]]="", "", IF( LEFT(Venta4[[#This Row],[N° Lote]],2)="CN", "CERRO NEGRO", IF( AND( ISNUMBER(VALUE(Venta4[[#This Row],[N° Lote]])), LEN(Venta4[[#This Row],[N° Lote]])=4 ), "CEMIN", IF( AND( ISNUMBER(VALUE(Venta4[[#This Row],[N° Lote]])), LEN(Venta4[[#This Row],[N° Lote]])>4 ), "ENAMI", "ORIGEN NO DEFINIDO" ) ) ) ) -> CERRO NEGRO | I49: =IF( Venta4[[#This Row],[N° Lote]]="", "", IF( LEFT(Venta4[[#This Row],[N° Lote]],2)="CN", "Sulfuro", IF( AND( ISNUMBER(VALUE(Venta4[[#This Row],[N° Lote]])), LEN(Venta4[[#This Row],[N° Lote]])=4 ), "Óxido", IF( AND( ISNUMBER(VALUE(Venta4[[#This Row],[N° Lote]])), LEN(Venta4[[#This Row],[N° Lote]])>4 ), "Sulfuro", "" ) ) ) ) -> Sulfuro | AN49: 08-may | AO49: 4 | AP49: 123.42
B50: CN401 | C50: 6 | D50: PYCH-48 | E50: 46132 | F50: 37.88 | G50: {=IF( Venta4[[#This Row],[N° Lote]]="", "", IFERROR( INDEX( Mezcla!T:T, _xlfn.XLOOKUP(Venta4[[#This Row],[N° Lote]],Mezcla!T:T,ROW(Mezcla!T:T))+1 ), "" ) )} -> Minera la Cruz Vicente2 1 al 26 | H50: =IF( Venta4[[#This Row],[N° Lote]]="", "", IF( LEFT(Venta4[[#This Row],[N° Lote]],2)="CN", "CERRO NEGRO", IF( AND( ISNUMBER(VALUE(Venta4[[#This Row],[N° Lote]])), LEN(Venta4[[#This Row],[N° Lote]])=4 ), "CEMIN", IF( AND( ISNUMBER(VALUE(Venta4[[#This Row],[N° Lote]])), LEN(Venta4[[#This Row],[N° Lote]])>4 ), "ENAMI", "ORIGEN NO DEFINIDO" ) ) ) ) -> CERRO NEGRO | I50: =IF( Venta4[[#This Row],[N° Lote]]="", "", IF( LEFT(Venta4[[#This Row],[N° Lote]],2)="CN", "Sulfuro", IF( AND( ISNUMBER(VALUE(Venta4[[#This Row],[N° Lote]])), LEN(Venta4[[#This Row],[N° Lote]])=4 ), "Óxido", IF( AND( ISNUMBER(VALUE(Venta4[[#This Row],[N° Lote]])), LEN(Venta4[[#This Row],[N° Lote]])>4 ), "Sulfuro", "" ) ) ) ) -> Sulfuro | AN50: 09-may | AO50: 6 | AP50: 192.36
B51: CN402 | C51: 3 | D51: RBWX-10 | E51: 46132 | F51: 29.17 | G51: {=IF( Venta4[[#This Row],[N° Lote]]="", "", IFERROR( INDEX( Mezcla!T:T, _xlfn.XLOOKUP(Venta4[[#This Row],[N° Lote]],Mezcla!T:T,ROW(Mezcla!T:T))+1 ), "" ) )} -> 3H COPPER EL SAUCE 1 AL 5 | H51: =IF( Venta4[[#This Row],[N° Lote]]="", "", IF( LEFT(Venta4[[#This Row],[N° Lote]],2)="CN", "CERRO NEGRO", IF( AND( ISNUMBER(VALUE(Venta4[[#This Row],[N° Lote]])), LEN(Venta4[[#This Row],[N° Lote]])=4 ), "CEMIN", IF( AND( ISNUMBER(VALUE(Venta4[[#This Row],[N° Lote]])), LEN(Venta4[[#This Row],[N° Lote]])>4 ), "ENAMI", "ORIGEN NO DEFINIDO" ) ) ) ) -> CERRO NEGRO | I51: =IF( Venta4[[#This Row],[N° Lote]]="", "", IF( LEFT(Venta4[[#This Row],[N° Lote]],2)="CN", "Sulfuro", IF( AND( ISNUMBER(VALUE(Venta4[[#This Row],[N° Lote]])), LEN(Venta4[[#This Row],[N° Lote]])=4 ), "Óxido", IF( AND( ISNUMBER(VALUE(Venta4[[#This Row],[N° Lote]])), LEN(Venta4[[#This Row],[N° Lote]])>4 ), "Sulfuro", "" ) ) ) ) -> Sulfuro | AN51: 11-may | AO51: 4 | AP51: 137.22
B52: 40057 | C52: 1 | D52: PYCH-48 | E52: 46132 | F52: 29.53 | G52: {=IF( Venta4[[#This Row],[N° Lote]]="", "", IFERROR( INDEX( Mezcla!T:T, _xlfn.XLOOKUP(Venta4[[#This Row],[N° Lote]],Mezcla!T:T,ROW(Mezcla!T:T))+1 ), "" ) )} -> Minera la Cruz | H52: =IF( Venta4[[#This Row],[N° Lote]]="", "", IF( LEFT(Venta4[[#This Row],[N° Lote]],2)="CN", "CERRO NEGRO", IF( AND( ISNUMBER(VALUE(Venta4[[#This Row],[N° Lote]])), LEN(Venta4[[#This Row],[N° Lote]])=4 ), "CEMIN", IF( AND( ISNUMBER(VALUE(Venta4[[#This Row],[N° Lote]])), LEN(Venta4[[#This Row],[N° Lote]])>4 ), "ENAMI", "ORIGEN NO DEFINIDO" ) ) ) ) -> ENAMI | I52: =IF( Venta4[[#This Row],[N° Lote]]="", "", IF( LEFT(Venta4[[#This Row],[N° Lote]],2)="CN", "Sulfuro", IF( AND( ISNUMBER(VALUE(Venta4[[#This Row],[N° Lote]])), LEN(Venta4[[#This Row],[N° Lote]])=4 ), "Óxido", IF( AND( ISNUMBER(VALUE(Venta4[[#This Row],[N° Lote]])), LEN(Venta4[[#This Row],[N° Lote]])>4 ), "Sulfuro", "" ) ) ) ) -> Sulfuro | AN52: 12-may | AO52: 6 | AP52: 181.55
B53: 40057 | C53: 2 | D53: RBWX-10 | E53: 46132 | F53: 28.79 | G53: {=IF( Venta4[[#This Row],[N° Lote]]="", "", IFERROR( INDEX( Mezcla!T:T, _xlfn.XLOOKUP(Venta4[[#This Row],[N° Lote]],Mezcla!T:T,ROW(Mezcla!T:T))+1 ), "" ) )} -> Minera la Cruz | H53: =IF( Venta4[[#This Row],[N° Lote]]="", "", IF( LEFT(Venta4[[#This Row],[N° Lote]],2)="CN", "CERRO NEGRO", IF( AND( ISNUMBER(VALUE(Venta4[[#This Row],[N° Lote]])), LEN(Venta4[[#This Row],[N° Lote]])=4 ), "CEMIN", IF( AND( ISNUMBER(VALUE(Venta4[[#This Row],[N° Lote]])), LEN(Venta4[[#This Row],[N° Lote]])>4 ), "ENAMI", "ORIGEN NO DEFINIDO" ) ) ) ) -> ENAMI | I53: =IF( Venta4[[#This Row],[N° Lote]]="", "", IF( LEFT(Venta4[[#This Row],[N° Lote]],2)="CN", "Sulfuro", IF( AND( ISNUMBER(VALUE(Venta4[[#This Row],[N° Lote]])), LEN(Venta4[[#This Row],[N° Lote]])=4 ), "Óxido", IF( AND( ISNUMBER(VALUE(Venta4[[#This Row],[N° Lote]])), LEN(Venta4[[#This Row],[N° Lote]])>4 ), "Sulfuro", "" ) ) ) ) -> Sulfuro | AN53: 13-may | AO53: 4 | AP53: 123.23
B54: CN402 | C54: 4 | D54: PYCH-48 | E54: 46133 | F54: 37.32 | G54: {=IF( Venta4[[#This Row],[N° Lote]]="", "", IFERROR( INDEX( Mezcla!T:T, _xlfn.XLOOKUP(Venta4[[#This Row],[N° Lote]],Mezcla!T:T,ROW(Mezcla!T:T))+1 ), "" ) )} -> 3H COPPER EL SAUCE 1 AL 5 | H54: =IF( Venta4[[#This Row],[N° Lote]]="", "", IF( LEFT(Venta4[[#This Row],[N° Lote]],2)="CN", "CERRO NEGRO", IF( AND( ISNUMBER(VALUE(Venta4[[#This Row],[N° Lote]])), LEN(Venta4[[#This Row],[N° Lote]])=4 ), "CEMIN", IF( AND( ISNUMBER(VALUE(Venta4[[#This Row],[N° Lote]])), LEN(Venta4[[#This Row],[N° Lote]])>4 ), "ENAMI", "ORIGEN NO DEFINIDO" ) ) ) ) -> CERRO NEGRO | I54: =IF( Venta4[[#This Row],[N° Lote]]="", "", IF( LEFT(Venta4[[#This Row],[N° Lote]],2)="CN", "Sulfuro", IF( AND( ISNUMBER(VALUE(Venta4[[#This Row],[N° Lote]])), LEN(Venta4[[#This Row],[N° Lote]])=4 ), "Óxido", IF( AND( ISNUMBER(VALUE(Venta4[[#This Row],[N° Lote]])), LEN(Venta4[[#This Row],[N° Lote]])>4 ), "Sulfuro", "" ) ) ) ) -> Sulfuro | AN54: 14-may | AO54: 5 | AP54: 160.47
B55: CN403 | C55: 1 | D55: RBWX-10 | E55: 46133 | F55: 30.96 | G55: {=IF( Venta4[[#This Row],[N° Lote]]="", "", IFERROR( INDEX( Mezcla!T:T, _xlfn.XLOOKUP(Venta4[[#This Row],[N° Lote]],Mezcla!T:T,ROW(Mezcla!T:T))+1 ), "" ) )} -> 3H COPPER EL SAUCE 1 AL 5 | H55: =IF( Venta4[[#This Row],[N° Lote]]="", "", IF( LEFT(Venta4[[#This Row],[N° Lote]],2)="CN", "CERRO NEGRO", IF( AND( ISNUMBER(VALUE(Venta4[[#This Row],[N° Lote]])), LEN(Venta4[[#This Row],[N° Lote]])=4 ), "CEMIN", IF( AND( ISNUMBER(VALUE(Venta4[[#This Row],[N° Lote]])), LEN(Venta4[[#This Row],[N° Lote]])>4 ), "ENAMI", "ORIGEN NO DEFINIDO" ) ) ) ) -> CERRO NEGRO | I55: =IF( Venta4[[#This Row],[N° Lote]]="", "", IF( LEFT(Venta4[[#This Row],[N° Lote]],2)="CN", "Sulfuro", IF( AND( ISNUMBER(VALUE(Venta4[[#This Row],[N° Lote]])), LEN(Venta4[[#This Row],[N° Lote]])=4 ), "Óxido", IF( AND( ISNUMBER(VALUE(Venta4[[#This Row],[N° Lote]])), LEN(Venta4[[#This Row],[N° Lote]])>4 ), "Sulfuro", "" ) ) ) ) -> Sulfuro | AN55: 15-may | AO55: 1 | AP55: 35.14
B56: 40057 | C56: 3 | D56: RBWX-10 | E56: 46134 | F56: 31.48 | G56: {=IF( Venta4[[#This Row],[N° Lote]]="", "", IFERROR( INDEX( Mezcla!T:T, _xlfn.XLOOKUP(Venta4[[#This Row],[N° Lote]],Mezcla!T:T,ROW(Mezcla!T:T))+1 ), "" ) )} -> Minera la Cruz | H56: =IF( Venta4[[#This Row],[N° Lote]]="", "", IF( LEFT(Venta4[[#This Row],[N° Lote]],2)="CN", "CERRO NEGRO", IF( AND( ISNUMBER(VALUE(Venta4[[#This Row],[N° Lote]])), LEN(Venta4[[#This Row],[N° Lote]])=4 ), "CEMIN", IF( AND( ISNUMBER(VALUE(Venta4[[#This Row],[N° Lote]])), LEN(Venta4[[#This Row],[N° Lote]])>4 ), "ENAMI", "ORIGEN NO DEFINIDO" ) ) ) ) -> ENAMI | I56: =IF( Venta4[[#This Row],[N° Lote]]="", "", IF( LEFT(Venta4[[#This Row],[N° Lote]],2)="CN", "Sulfuro", IF( AND( ISNUMBER(VALUE(Venta4[[#This Row],[N° Lote]])), LEN(Venta4[[#This Row],[N° Lote]])=4 ), "Óxido", IF( AND( ISNUMBER(VALUE(Venta4[[#This Row],[N° Lote]])), LEN(Venta4[[#This Row],[N° Lote]])>4 ), "Sulfuro", "" ) ) ) ) -> Sulfuro | AN56: 16-may | AO56: 4 | AP56: 125.9
B57: 40057 | C57: 4 | D57: RBWX-10 | E57: 46134 | F57: 30.49 | G57: {=IF( Venta4[[#This Row],[N° Lote]]="", "", IFERROR( INDEX( Mezcla!T:T, _xlfn.XLOOKUP(Venta4[[#This Row],[N° Lote]],Mezcla!T:T,ROW(Mezcla!T:T))+1 ), "" ) )} -> Minera la Cruz | H57: =IF( Venta4[[#This Row],[N° Lote]]="", "", IF( LEFT(Venta4[[#This Row],[N° Lote]],2)="CN", "CERRO NEGRO", IF( AND( ISNUMBER(VALUE(Venta4[[#This Row],[N° Lote]])), LEN(Venta4[[#This Row],[N° Lote]])=4 ), "CEMIN", IF( AND( ISNUMBER(VALUE(Venta4[[#This Row],[N° Lote]])), LEN(Venta4[[#This Row],[N° Lote]])>4 ), "ENAMI", "ORIGEN NO DEFINIDO" ) ) ) ) -> ENAMI | I57: =IF( Venta4[[#This Row],[N° Lote]]="", "", IF( LEFT(Venta4[[#This Row],[N° Lote]],2)="CN", "Sulfuro", IF( AND( ISNUMBER(VALUE(Venta4[[#This Row],[N° Lote]])), LEN(Venta4[[#This Row],[N° Lote]])=4 ), "Óxido", IF( AND( ISNUMBER(VALUE(Venta4[[#This Row],[N° Lote]])), LEN(Venta4[[#This Row],[N° Lote]])>4 ), "Sulfuro", "" ) ) ) ) -> Sulfuro | AN57: 18-may | AO57: 4 | AP57: 128.11
B58: CN403 | C58: 2 | D58: PYCH-48 | E58: 46134 | F58: 36.56 | G58: {=IF( Venta4[[#This Row],[N° Lote]]="", "", IFERROR( INDEX( Mezcla!T:T, _xlfn.XLOOKUP(Venta4[[#This Row],[N° Lote]],Mezcla!T:T,ROW(Mezcla!T:T))+1 ), "" ) )} -> 3H COPPER EL SAUCE 1 AL 5 | H58: =IF( Venta4[[#This Row],[N° Lote]]="", "", IF( LEFT(Venta4[[#This Row],[N° Lote]],2)="CN", "CERRO NEGRO", IF( AND( ISNUMBER(VALUE(Venta4[[#This Row],[N° Lote]])), LEN(Venta4[[#This Row],[N° Lote]])=4 ), "CEMIN", IF( AND( ISNUMBER(VALUE(Venta4[[#This Row],[N° Lote]])), LEN(Venta4[[#This Row],[N° Lote]])>4 ), "ENAMI", "ORIGEN NO DEFINIDO" ) ) ) ) -> CERRO NEGRO | I58: =IF( Venta4[[#This Row],[N° Lote]]="", "", IF( LEFT(Venta4[[#This Row],[N° Lote]],2)="CN", "Sulfuro", IF( AND( ISNUMBER(VALUE(Venta4[[#This Row],[N° Lote]])), LEN(Venta4[[#This Row],[N° Lote]])=4 ), "Óxido", IF( AND( ISNUMBER(VALUE(Venta4[[#This Row],[N° Lote]])), LEN(Venta4[[#This Row],[N° Lote]])>4 ), "Sulfuro", "" ) ) ) ) -> Sulfuro | AN58: 19-may | AO58: 5 | AP58: 159.11
B59: CN403 | C59: 3 | D59: PYCH-48 | E59: 46134 | F59: 38.25 | G59: {=IF( Venta4[[#This Row],[N° Lote]]="", "", IFERROR( INDEX( Mezcla!T:T, _xlfn.XLOOKUP(Venta4[[#This Row],[N° Lote]],Mezcla!T:T,ROW(Mezcla!T:T))+1 ), "" ) )} -> 3H COPPER EL SAUCE 1 AL 5 | H59: =IF( Venta4[[#This Row],[N° Lote]]="", "", IF( LEFT(Venta4[[#This Row],[N° Lote]],2)="CN", "CERRO NEGRO", IF( AND( ISNUMBER(VALUE(Venta4[[#This Row],[N° Lote]])), LEN(Venta4[[#This Row],[N° Lote]])=4 ), "CEMIN", IF( AND( ISNUMBER(VALUE(Venta4[[#This Row],[N° Lote]])), LEN(Venta4[[#This Row],[N° Lote]])>4 ), "ENAMI", "ORIGEN NO DEFINIDO" ) ) ) ) -> CERRO NEGRO | I59: =IF( Venta4[[#This Row],[N° Lote]]="", "", IF( LEFT(Venta4[[#This Row],[N° Lote]],2)="CN", "Sulfuro", IF( AND( ISNUMBER(VALUE(Venta4[[#This Row],[N° Lote]])), LEN(Venta4[[#This Row],[N° Lote]])=4 ), "Óxido", IF( AND( ISNUMBER(VALUE(Venta4[[#This Row],[N° Lote]])), LEN(Venta4[[#This Row],[N° Lote]])>4 ), "Sulfuro", "" ) ) ) ) -> Sulfuro | AN59: 20-may | AO59: 2 | AP59: 64.88
B60: 40074 | C60: 1 | D60: PYCH-48 | E60: 46135 | F60: 30.66 | G60: {=IF( Venta4[[#This Row],[N° Lote]]="", "", IFERROR( INDEX( Mezcla!T:T, _xlfn.XLOOKUP(Venta4[[#This Row],[N° Lote]],Mezcla!T:T,ROW(Mezcla!T:T))+1 ), "" ) )} -> 3H COPPER El SAUCE | H60: =IF( Venta4[[#This Row],[N° Lote]]="", "", IF( LEFT(Venta4[[#This Row],[N° Lote]],2)="CN", "CERRO NEGRO", IF( AND( ISNUMBER(VALUE(Venta4[[#This Row],[N° Lote]])), LEN(Venta4[[#This Row],[N° Lote]])=4 ), "CEMIN", IF( AND( ISNUMBER(VALUE(Venta4[[#This Row],[N° Lote]])), LEN(Venta4[[#This Row],[N° Lote]])>4 ), "ENAMI", "ORIGEN NO DEFINIDO" ) ) ) ) -> ENAMI | I60: =IF( Venta4[[#This Row],[N° Lote]]="", "", IF( LEFT(Venta4[[#This Row],[N° Lote]],2)="CN", "Sulfuro", IF( AND( ISNUMBER(VALUE(Venta4[[#This Row],[N° Lote]])), LEN(Venta4[[#This Row],[N° Lote]])=4 ), "Óxido", IF( AND( ISNUMBER(VALUE(Venta4[[#This Row],[N° Lote]])), LEN(Venta4[[#This Row],[N° Lote]])>4 ), "Sulfuro", "" ) ) ) ) -> Sulfuro | AN60: 21-may | AO60: 5 | AP60: 157.05
B61: CN403 | C61: 4 | D61: RBWX-10 | E61: 46135 | F61: 28.92 | G61: {=IF( Venta4[[#This Row],[N° Lote]]="", "", IFERROR( INDEX( Mezcla!T:T, _xlfn.XLOOKUP(Venta4[[#This Row],[N° Lote]],Mezcla!T:T,ROW(Mezcla!T:T))+1 ), "" ) )} -> 3H COPPER EL SAUCE 1 AL 5 | H61: =IF( Venta4[[#This Row],[N° Lote]]="", "", IF( LEFT(Venta4[[#This Row],[N° Lote]],2)="CN", "CERRO NEGRO", IF( AND( ISNUMBER(VALUE(Venta4[[#This Row],[N° Lote]])), LEN(Venta4[[#This Row],[N° Lote]])=4 ), "CEMIN", IF( AND( ISNUMBER(VALUE(Venta4[[#This Row],[N° Lote]])), LEN(Venta4[[#This Row],[N° Lote]])>4 ), "ENAMI", "ORIGEN NO DEFINIDO" ) ) ) ) -> CERRO NEGRO | I61: =IF( Venta4[[#This Row],[N° Lote]]="", "", IF( LEFT(Venta4[[#This Row],[N° Lote]],2)="CN", "Sulfuro", IF( AND( ISNUMBER(VALUE(Venta4[[#This Row],[N° Lote]])), LEN(Venta4[[#This Row],[N° Lote]])=4 ), "Óxido", IF( AND( ISNUMBER(VALUE(Venta4[[#This Row],[N° Lote]])), LEN(Venta4[[#This Row],[N° Lote]])>4 ), "Sulfuro", "" ) ) ) ) -> Sulfuro | AN61: 25-may | AO61: 4 | AP61: 123.95
B62: 40074 | C62: 2 | D62: PYCH-48 | E62: 46135 | F62: 30.6 | G62: {=IF( Venta4[[#This Row],[N° Lote]]="", "", IFERROR( INDEX( Mezcla!T:T, _xlfn.XLOOKUP(Venta4[[#This Row],[N° Lote]],Mezcla!T:T,ROW(Mezcla!T:T))+1 ), "" ) )} -> 3H COPPER El SAUCE | H62: =IF( Venta4[[#This Row],[N° Lote]]="", "", IF( LEFT(Venta4[[#This Row],[N° Lote]],2)="CN", "CERRO NEGRO", IF( AND( ISNUMBER(VALUE(Venta4[[#This Row],[N° Lote]])), LEN(Venta4[[#This Row],[N° Lote]])=4 ), "CEMIN", IF( AND( ISNUMBER(VALUE(Venta4[[#This Row],[N° Lote]])), LEN(Venta4[[#This Row],[N° Lote]])>4 ), "ENAMI", "ORIGEN NO DEFINIDO" ) ) ) ) -> ENAMI | I62: =IF( Venta4[[#This Row],[N° Lote]]="", "", IF( LEFT(Venta4[[#This Row],[N° Lote]],2)="CN", "Sulfuro", IF( AND( ISNUMBER(VALUE(Venta4[[#This Row],[N° Lote]])), LEN(Venta4[[#This Row],[N° Lote]])=4 ), "Óxido", IF( AND( ISNUMBER(VALUE(Venta4[[#This Row],[N° Lote]])), LEN(Venta4[[#This Row],[N° Lote]])>4 ), "Sulfuro", "" ) ) ) ) -> Sulfuro | AN62: 26-may | AO62: 5 | AP62: 163.62
B63: 40074 | C63: 3 | D63: RBWX-10 | E63: 46136 | F63: 29.64 | G63: {=IF( Venta4[[#This Row],[N° Lote]]="", "", IFERROR( INDEX( Mezcla!T:T, _xlfn.XLOOKUP(Venta4[[#This Row],[N° Lote]],Mezcla!T:T,ROW(Mezcla!T:T))+1 ), "" ) )} -> 3H COPPER El SAUCE | H63: =IF( Venta4[[#This Row],[N° Lote]]="", "", IF( LEFT(Venta4[[#This Row],[N° Lote]],2)="CN", "CERRO NEGRO", IF( AND( ISNUMBER(VALUE(Venta4[[#This Row],[N° Lote]])), LEN(Venta4[[#This Row],[N° Lote]])=4 ), "CEMIN", IF( AND( ISNUMBER(VALUE(Venta4[[#This Row],[N° Lote]])), LEN(Venta4[[#This Row],[N° Lote]])>4 ), "ENAMI", "ORIGEN NO DEFINIDO" ) ) ) ) -> ENAMI | I63: =IF( Venta4[[#This Row],[N° Lote]]="", "", IF( LEFT(Venta4[[#This Row],[N° Lote]],2)="CN", "Sulfuro", IF( AND( ISNUMBER(VALUE(Venta4[[#This Row],[N° Lote]])), LEN(Venta4[[#This Row],[N° Lote]])=4 ), "Óxido", IF( AND( ISNUMBER(VALUE(Venta4[[#This Row],[N° Lote]])), LEN(Venta4[[#This Row],[N° Lote]])>4 ), "Sulfuro", "" ) ) ) ) -> Sulfuro | AN63: 27-may | AO63: 3 | AP63: 91.73
B64: CN404 | C64: 1 | D64: PYCH-48 | E64: 46136 | F64: 37.4 | G64: {=IF( Venta4[[#This Row],[N° Lote]]="", "", IFERROR( INDEX( Mezcla!T:T, _xlfn.XLOOKUP(Venta4[[#This Row],[N° Lote]],Mezcla!T:T,ROW(Mezcla!T:T))+1 ), "" ) )} -> 3H COPPER EL SAUCE 1 AL 5 | H64: =IF( Venta4[[#This Row],[N° Lote]]="", "", IF( LEFT(Venta4[[#This Row],[N° Lote]],2)="CN", "CERRO NEGRO", IF( AND( ISNUMBER(VALUE(Venta4[[#This Row],[N° Lote]])), LEN(Venta4[[#This Row],[N° Lote]])=4 ), "CEMIN", IF( AND( ISNUMBER(VALUE(Venta4[[#This Row],[N° Lote]])), LEN(Venta4[[#This Row],[N° Lote]])>4 ), "ENAMI", "ORIGEN NO DEFINIDO" ) ) ) ) -> CERRO NEGRO | I64: =IF( Venta4[[#This Row],[N° Lote]]="", "", IF( LEFT(Venta4[[#This Row],[N° Lote]],2)="CN", "Sulfuro", IF( AND( ISNUMBER(VALUE(Venta4[[#This Row],[N° Lote]])), LEN(Venta4[[#This Row],[N° Lote]])=4 ), "Óxido", IF( AND( ISNUMBER(VALUE(Venta4[[#This Row],[N° Lote]])), LEN(Venta4[[#This Row],[N° Lote]])>4 ), "Sulfuro", "" ) ) ) ) -> Sulfuro | AN64: 28-may | AO64: 7 | AP64: 214.99
B65: CN404 | C65: 2 | D65: RBWX-10 | E65: 46136 | F65: 33.86 | G65: {=IF( Venta4[[#This Row],[N° Lote]]="", "", IFERROR( INDEX( Mezcla!T:T, _xlfn.XLOOKUP(Venta4[[#This Row],[N° Lote]],Mezcla!T:T,ROW(Mezcla!T:T))+1 ), "" ) )} -> 3H COPPER EL SAUCE 1 AL 5 | H65: =IF( Venta4[[#This Row],[N° Lote]]="", "", IF( LEFT(Venta4[[#This Row],[N° Lote]],2)="CN", "CERRO NEGRO", IF( AND( ISNUMBER(VALUE(Venta4[[#This Row],[N° Lote]])), LEN(Venta4[[#This Row],[N° Lote]])=4 ), "CEMIN", IF( AND( ISNUMBER(VALUE(Venta4[[#This Row],[N° Lote]])), LEN(Venta4[[#This Row],[N° Lote]])>4 ), "ENAMI", "ORIGEN NO DEFINIDO" ) ) ) ) -> CERRO NEGRO | I65: =IF( Venta4[[#This Row],[N° Lote]]="", "", IF( LEFT(Venta4[[#This Row],[N° Lote]],2)="CN", "Sulfuro", IF( AND( ISNUMBER(VALUE(Venta4[[#This Row],[N° Lote]])), LEN(Venta4[[#This Row],[N° Lote]])=4 ), "Óxido", IF( AND( ISNUMBER(VALUE(Venta4[[#This Row],[N° Lote]])), LEN(Venta4[[#This Row],[N° Lote]])>4 ), "Sulfuro", "" ) ) ) ) -> Sulfuro | AN65: 29-may | AO65: 2 | AP65: 58.83
B66: CN404 | C66: 3 | D66: JKDK-25 | E66: 46136 | F66: 31.62 | G66: {=IF( Venta4[[#This Row],[N° Lote]]="", "", IFERROR( INDEX( Mezcla!T:T, _xlfn.XLOOKUP(Venta4[[#This Row],[N° Lote]],Mezcla!T:T,ROW(Mezcla!T:T))+1 ), "" ) )} -> 3H COPPER EL SAUCE 1 AL 5 | H66: =IF( Venta4[[#This Row],[N° Lote]]="", "", IF( LEFT(Venta4[[#This Row],[N° Lote]],2)="CN", "CERRO NEGRO", IF( AND( ISNUMBER(VALUE(Venta4[[#This Row],[N° Lote]])), LEN(Venta4[[#This Row],[N° Lote]])=4 ), "CEMIN", IF( AND( ISNUMBER(VALUE(Venta4[[#This Row],[N° Lote]])), LEN(Venta4[[#This Row],[N° Lote]])>4 ), "ENAMI", "ORIGEN NO DEFINIDO" ) ) ) ) -> CERRO NEGRO | I66: =IF( Venta4[[#This Row],[N° Lote]]="", "", IF( LEFT(Venta4[[#This Row],[N° Lote]],2)="CN", "Sulfuro", IF( AND( ISNUMBER(VALUE(Venta4[[#This Row],[N° Lote]])), LEN(Venta4[[#This Row],[N° Lote]])=4 ), "Óxido", IF( AND( ISNUMBER(VALUE(Venta4[[#This Row],[N° Lote]])), LEN(Venta4[[#This Row],[N° Lote]])>4 ), "Sulfuro", "" ) ) ) ) -> Sulfuro | AN66: jun | AO66: 95 | AP66: 2923.63
B67: 40074 | C67: 4 | D67: PYCH-48 | E67: 46137 | F67: 30.74 | G67: {=IF( Venta4[[#This Row],[N° Lote]]="", "", IFERROR( INDEX( Mezcla!T:T, _xlfn.XLOOKUP(Venta4[[#This Row],[N° Lote]],Mezcla!T:T,ROW(Mezcla!T:T))+1 ), "" ) )} -> 3H COPPER El SAUCE | H67: =IF( Venta4[[#This Row],[N° Lote]]="", "", IF( LEFT(Venta4[[#This Row],[N° Lote]],2)="CN", "CERRO NEGRO", IF( AND( ISNUMBER(VALUE(Venta4[[#This Row],[N° Lote]])), LEN(Venta4[[#This Row],[N° Lote]])=4 ), "CEMIN", IF( AND( ISNUMBER(VALUE(Venta4[[#This Row],[N° Lote]])), LEN(Venta4[[#This Row],[N° Lote]])>4 ), "ENAMI", "ORIGEN NO DEFINIDO" ) ) ) ) -> ENAMI | I67: =IF( Venta4[[#This Row],[N° Lote]]="", "", IF( LEFT(Venta4[[#This Row],[N° Lote]],2)="CN", "Sulfuro", IF( AND( ISNUMBER(VALUE(Venta4[[#This Row],[N° Lote]])), LEN(Venta4[[#This Row],[N° Lote]])=4 ), "Óxido", IF( AND( ISNUMBER(VALUE(Venta4[[#This Row],[N° Lote]])), LEN(Venta4[[#This Row],[N° Lote]])>4 ), "Sulfuro", "" ) ) ) ) -> Sulfuro | AN67: 01-jun | AO67: 6 | AP67: 181.61
B68: CN404 | C68: 4 | D68: RBWX-10 | E68: 46137 | F68: 33.89 | G68: {=IF( Venta4[[#This Row],[N° Lote]]="", "", IFERROR( INDEX( Mezcla!T:T, _xlfn.XLOOKUP(Venta4[[#This Row],[N° Lote]],Mezcla!T:T,ROW(Mezcla!T:T))+1 ), "" ) )} -> 3H COPPER EL SAUCE 1 AL 5 | H68: =IF( Venta4[[#This Row],[N° Lote]]="", "", IF( LEFT(Venta4[[#This Row],[N° Lote]],2)="CN", "CERRO NEGRO", IF( AND( ISNUMBER(VALUE(Venta4[[#This Row],[N° Lote]])), LEN(Venta4[[#This Row],[N° Lote]])=4 ), "CEMIN", IF( AND( ISNUMBER(VALUE(Venta4[[#This Row],[N° Lote]])), LEN(Venta4[[#This Row],[N° Lote]])>4 ), "ENAMI", "ORIGEN NO DEFINIDO" ) ) ) ) -> CERRO NEGRO | I68: =IF( Venta4[[#This Row],[N° Lote]]="", "", IF( LEFT(Venta4[[#This Row],[N° Lote]],2)="CN", "Sulfuro", IF( AND( ISNUMBER(VALUE(Venta4[[#This Row],[N° Lote]])), LEN(Venta4[[#This Row],[N° Lote]])=4 ), "Óxido", IF( AND( ISNUMBER(VALUE(Venta4[[#This Row],[N° Lote]])), LEN(Venta4[[#This Row],[N° Lote]])>4 ), "Sulfuro", "" ) ) ) ) -> Sulfuro | AN68: 02-jun | AO68: 5 | AP68: 148.83
B69: CN405 | C69: 1 | D69: RBWX-10 | E69: 46139 | F69: 35.53 | G69: {=IF( Venta4[[#This Row],[N° Lote]]="", "", IFERROR( INDEX( Mezcla!T:T, _xlfn.XLOOKUP(Venta4[[#This Row],[N° Lote]],Mezcla!T:T,ROW(Mezcla!T:T))+1 ), "" ) )} -> 3H COPPER EL SAUCE 1 AL 5 | H69: =IF( Venta4[[#This Row],[N° Lote]]="", "", IF( LEFT(Venta4[[#This Row],[N° Lote]],2)="CN", "CERRO NEGRO", IF( AND( ISNUMBER(VALUE(Venta4[[#This Row],[N° Lote]])), LEN(Venta4[[#This Row],[N° Lote]])=4 ), "CEMIN", IF( AND( ISNUMBER(VALUE(Venta4[[#This Row],[N° Lote]])), LEN(Venta4[[#This Row],[N° Lote]])>4 ), "ENAMI", "ORIGEN NO DEFINIDO" ) ) ) ) -> CERRO NEGRO | I69: =IF( Venta4[[#This Row],[N° Lote]]="", "", IF( LEFT(Venta4[[#This Row],[N° Lote]],2)="CN", "Sulfuro", IF( AND( ISNUMBER(VALUE(Venta4[[#This Row],[N° Lote]])), LEN(Venta4[[#This Row],[N° Lote]])=4 ), "Óxido", IF( AND( ISNUMBER(VALUE(Venta4[[#This Row],[N° Lote]])), LEN(Venta4[[#This Row],[N° Lote]])>4 ), "Sulfuro", "" ) ) ) ) -> Sulfuro | AN69: 03-jun | AO69: 5 | AP69: 155.38
B70: 40084 | C70: 1 | D70: PYCH-48 | E70: 46139 | F70: 30.45 | G70: {=IF( Venta4[[#This Row],[N° Lote]]="", "", IFERROR( INDEX( Mezcla!T:T, _xlfn.XLOOKUP(Venta4[[#This Row],[N° Lote]],Mezcla!T:T,ROW(Mezcla!T:T))+1 ), "" ) )} -> 3H COPPER El SAUCE | H70: =IF( Venta4[[#This Row],[N° Lote]]="", "", IF( LEFT(Venta4[[#This Row],[N° Lote]],2)="CN", "CERRO NEGRO", IF( AND( ISNUMBER(VALUE(Venta4[[#This Row],[N° Lote]])), LEN(Venta4[[#This Row],[N° Lote]])=4 ), "CEMIN", IF( AND( ISNUMBER(VALUE(Venta4[[#This Row],[N° Lote]])), LEN(Venta4[[#This Row],[N° Lote]])>4 ), "ENAMI", "ORIGEN NO DEFINIDO" ) ) ) ) -> ENAMI | I70: =IF( Venta4[[#This Row],[N° Lote]]="", "", IF( LEFT(Venta4[[#This Row],[N° Lote]],2)="CN", "Sulfuro", IF( AND( ISNUMBER(VALUE(Venta4[[#This Row],[N° Lote]])), LEN(Venta4[[#This Row],[N° Lote]])=4 ), "Óxido", IF( AND( ISNUMBER(VALUE(Venta4[[#This Row],[N° Lote]])), LEN(Venta4[[#This Row],[N° Lote]])>4 ), "Sulfuro", "" ) ) ) ) -> Sulfuro | AN70: 04-jun | AO70: 4 | AP70: 120.47
B71: 40084 | C71: 2 | D71: RBWX-10 | E71: 46139 | F71: 28.23 | G71: {=IF( Venta4[[#This Row],[N° Lote]]="", "", IFERROR( INDEX( Mezcla!T:T, _xlfn.XLOOKUP(Venta4[[#This Row],[N° Lote]],Mezcla!T:T,ROW(Mezcla!T:T))+1 ), "" ) )} -> 3H COPPER El SAUCE | H71: =IF( Venta4[[#This Row],[N° Lote]]="", "", IF( LEFT(Venta4[[#This Row],[N° Lote]],2)="CN", "CERRO NEGRO", IF( AND( ISNUMBER(VALUE(Venta4[[#This Row],[N° Lote]])), LEN(Venta4[[#This Row],[N° Lote]])=4 ), "CEMIN", IF( AND( ISNUMBER(VALUE(Venta4[[#This Row],[N° Lote]])), LEN(Venta4[[#This Row],[N° Lote]])>4 ), "ENAMI", "ORIGEN NO DEFINIDO" ) ) ) ) -> ENAMI | I71: =IF( Venta4[[#This Row],[N° Lote]]="", "", IF( LEFT(Venta4[[#This Row],[N° Lote]],2)="CN", "Sulfuro", IF( AND( ISNUMBER(VALUE(Venta4[[#This Row],[N° Lote]])), LEN(Venta4[[#This Row],[N° Lote]])=4 ), "Óxido", IF( AND( ISNUMBER(VALUE(Venta4[[#This Row],[N° Lote]])), LEN(Venta4[[#This Row],[N° Lote]])>4 ), "Sulfuro", "" ) ) ) ) -> Sulfuro | AN71: 05-jun | AO71: 3 | AP71: 90.72
B72: CN405 | C72: 2 | D72: PYCH-48 | E72: 46140 | F72: 40.77 | G72: {=IF( Venta4[[#This Row],[N° Lote]]="", "", IFERROR( INDEX( Mezcla!T:T, _xlfn.XLOOKUP(Venta4[[#This Row],[N° Lote]],Mezcla!T:T,ROW(Mezcla!T:T))+1 ), "" ) )} -> 3H COPPER EL SAUCE 1 AL 5 | H72: =IF( Venta4[[#This Row],[N° Lote]]="", "", IF( LEFT(Venta4[[#This Row],[N° Lote]],2)="CN", "CERRO NEGRO", IF( AND( ISNUMBER(VALUE(Venta4[[#This Row],[N° Lote]])), LEN(Venta4[[#This Row],[N° Lote]])=4 ), "CEMIN", IF( AND( ISNUMBER(VALUE(Venta4[[#This Row],[N° Lote]])), LEN(Venta4[[#This Row],[N° Lote]])>4 ), "ENAMI", "ORIGEN NO DEFINIDO" ) ) ) ) -> CERRO NEGRO | I72: =IF( Venta4[[#This Row],[N° Lote]]="", "", IF( LEFT(Venta4[[#This Row],[N° Lote]],2)="CN", "Sulfuro", IF( AND( ISNUMBER(VALUE(Venta4[[#This Row],[N° Lote]])), LEN(Venta4[[#This Row],[N° Lote]])=4 ), "Óxido", IF( AND( ISNUMBER(VALUE(Venta4[[#This Row],[N° Lote]])), LEN(Venta4[[#This Row],[N° Lote]])>4 ), "Sulfuro", "" ) ) ) ) -> Sulfuro | AN72: 06-jun | AO72: 3 | AP72: 93.71
B73: 40084 | C73: 3 | D73: PYCH-48 | E73: 46140 | F73: 31.03 | G73: {=IF( Venta4[[#This Row],[N° Lote]]="", "", IFERROR( INDEX( Mezcla!T:T, _xlfn.XLOOKUP(Venta4[[#This Row],[N° Lote]],Mezcla!T:T,ROW(Mezcla!T:T))+1 ), "" ) )} -> 3H COPPER El SAUCE | H73: =IF( Venta4[[#This Row],[N° Lote]]="", "", IF( LEFT(Venta4[[#This Row],[N° Lote]],2)="CN", "CERRO NEGRO", IF( AND( ISNUMBER(VALUE(Venta4[[#This Row],[N° Lote]])), LEN(Venta4[[#This Row],[N° Lote]])=4 ), "CEMIN", IF( AND( ISNUMBER(VALUE(Venta4[[#This Row],[N° Lote]])), LEN(Venta4[[#This Row],[N° Lote]])>4 ), "ENAMI", "ORIGEN NO DEFINIDO" ) ) ) ) -> ENAMI | I73: =IF( Venta4[[#This Row],[N° Lote]]="", "", IF( LEFT(Venta4[[#This Row],[N° Lote]],2)="CN", "Sulfuro", IF( AND( ISNUMBER(VALUE(Venta4[[#This Row],[N° Lote]])), LEN(Venta4[[#This Row],[N° Lote]])=4 ), "Óxido", IF( AND( ISNUMBER(VALUE(Venta4[[#This Row],[N° Lote]])), LEN(Venta4[[#This Row],[N° Lote]])>4 ), "Sulfuro", "" ) ) ) ) -> Sulfuro | AN73: 08-jun | AO73: 5 | AP73: 153.36
B74: 40084 | C74: 4 | D74: RBWX-10 | E74: 46140 | F74: 31.27 | G74: {=IF( Venta4[[#This Row],[N° Lote]]="", "", IFERROR( INDEX( Mezcla!T:T, _xlfn.XLOOKUP(Venta4[[#This Row],[N° Lote]],Mezcla!T:T,ROW(Mezcla!T:T))+1 ), "" ) )} -> 3H COPPER El SAUCE | H74: =IF( Venta4[[#This Row],[N° Lote]]="", "", IF( LEFT(Venta4[[#This Row],[N° Lote]],2)="CN", "CERRO NEGRO", IF( AND( ISNUMBER(VALUE(Venta4[[#This Row],[N° Lote]])), LEN(Venta4[[#This Row],[N° Lote]])=4 ), "CEMIN", IF( AND( ISNUMBER(VALUE(Venta4[[#This Row],[N° Lote]])), LEN(Venta4[[#This Row],[N° Lote]])>4 ), "ENAMI", "ORIGEN NO DEFINIDO" ) ) ) ) -> ENAMI | I74: =IF( Venta4[[#This Row],[N° Lote]]="", "", IF( LEFT(Venta4[[#This Row],[N° Lote]],2)="CN", "Sulfuro", IF( AND( ISNUMBER(VALUE(Venta4[[#This Row],[N° Lote]])), LEN(Venta4[[#This Row],[N° Lote]])=4 ), "Óxido", IF( AND( ISNUMBER(VALUE(Venta4[[#This Row],[N° Lote]])), LEN(Venta4[[#This Row],[N° Lote]])>4 ), "Sulfuro", "" ) ) ) ) -> Sulfuro | AN74: 09-jun | AO74: 3 | AP74: 90.77
B75: CN405 | C75: 3 | D75: PYCH-48 | E75: 46141 | F75: 35.43 | G75: {=IF( Venta4[[#This Row],[N° Lote]]="", "", IFERROR( INDEX( Mezcla!T:T, _xlfn.XLOOKUP(Venta4[[#This Row],[N° Lote]],Mezcla!T:T,ROW(Mezcla!T:T))+1 ), "" ) )} -> 3H COPPER EL SAUCE 1 AL 5 | H75: =IF( Venta4[[#This Row],[N° Lote]]="", "", IF( LEFT(Venta4[[#This Row],[N° Lote]],2)="CN", "CERRO NEGRO", IF( AND( ISNUMBER(VALUE(Venta4[[#This Row],[N° Lote]])), LEN(Venta4[[#This Row],[N° Lote]])=4 ), "CEMIN", IF( AND( ISNUMBER(VALUE(Venta4[[#This Row],[N° Lote]])), LEN(Venta4[[#This Row],[N° Lote]])>4 ), "ENAMI", "ORIGEN NO DEFINIDO" ) ) ) ) -> CERRO NEGRO | I75: =IF( Venta4[[#This Row],[N° Lote]]="", "", IF( LEFT(Venta4[[#This Row],[N° Lote]],2)="CN", "Sulfuro", IF( AND( ISNUMBER(VALUE(Venta4[[#This Row],[N° Lote]])), LEN(Venta4[[#This Row],[N° Lote]])=4 ), "Óxido", IF( AND( ISNUMBER(VALUE(Venta4[[#This Row],[N° Lote]])), LEN(Venta4[[#This Row],[N° Lote]])>4 ), "Sulfuro", "" ) ) ) ) -> Sulfuro | AN75: 11-jun | AO75: 7 | AP75: 219.34
B76: CN405 | C76: 4 | D76: RBWX-10 | E76: 46142 | F76: 33.68 | G76: {=IF( Venta4[[#This Row],[N° Lote]]="", "", IFERROR( INDEX( Mezcla!T:T, _xlfn.XLOOKUP(Venta4[[#This Row],[N° Lote]],Mezcla!T:T,ROW(Mezcla!T:T))+1 ), "" ) )} -> 3H COPPER EL SAUCE 1 AL 5 | H76: =IF( Venta4[[#This Row],[N° Lote]]="", "", IF( LEFT(Venta4[[#This Row],[N° Lote]],2)="CN", "CERRO NEGRO", IF( AND( ISNUMBER(VALUE(Venta4[[#This Row],[N° Lote]])), LEN(Venta4[[#This Row],[N° Lote]])=4 ), "CEMIN", IF( AND( ISNUMBER(VALUE(Venta4[[#This Row],[N° Lote]])), LEN(Venta4[[#This Row],[N° Lote]])>4 ), "ENAMI", "ORIGEN NO DEFINIDO" ) ) ) ) -> CERRO NEGRO | I76: =IF( Venta4[[#This Row],[N° Lote]]="", "", IF( LEFT(Venta4[[#This Row],[N° Lote]],2)="CN", "Sulfuro", IF( AND( ISNUMBER(VALUE(Venta4[[#This Row],[N° Lote]])), LEN(Venta4[[#This Row],[N° Lote]])=4 ), "Óxido", IF( AND( ISNUMBER(VALUE(Venta4[[#This Row],[N° Lote]])), LEN(Venta4[[#This Row],[N° Lote]])>4 ), "Sulfuro", "" ) ) ) ) -> Sulfuro | AN76: 12-jun | AO76: 2 | AP76: 61.31
B77: 40090 | C77: 1 | D77: PYCH-48 | E77: 46142 | F77: 30.24 | G77: {=IF( Venta4[[#This Row],[N° Lote]]="", "", IFERROR( INDEX( Mezcla!T:T, _xlfn.XLOOKUP(Venta4[[#This Row],[N° Lote]],Mezcla!T:T,ROW(Mezcla!T:T))+1 ), "" ) )} -> 3H COPPER El SAUCE | H77: =IF( Venta4[[#This Row],[N° Lote]]="", "", IF( LEFT(Venta4[[#This Row],[N° Lote]],2)="CN", "CERRO NEGRO", IF( AND( ISNUMBER(VALUE(Venta4[[#This Row],[N° Lote]])), LEN(Venta4[[#This Row],[N° Lote]])=4 ), "CEMIN", IF( AND( ISNUMBER(VALUE(Venta4[[#This Row],[N° Lote]])), LEN(Venta4[[#This Row],[N° Lote]])>4 ), "ENAMI", "ORIGEN NO DEFINIDO" ) ) ) ) -> ENAMI | I77: =IF( Venta4[[#This Row],[N° Lote]]="", "", IF( LEFT(Venta4[[#This Row],[N° Lote]],2)="CN", "Sulfuro", IF( AND( ISNUMBER(VALUE(Venta4[[#This Row],[N° Lote]])), LEN(Venta4[[#This Row],[N° Lote]])=4 ), "Óxido", IF( AND( ISNUMBER(VALUE(Venta4[[#This Row],[N° Lote]])), LEN(Venta4[[#This Row],[N° Lote]])>4 ), "Sulfuro", "" ) ) ) ) -> Sulfuro | AN77: 13-jun | AO77: 3 | AP77: 90.58
A78: MAYO | B78: CN501 | C78: 1 | D78: PYCH-48 | E78: 46146 | F78: 38.82 | G78: {=IF( Venta4[[#This Row],[N° Lote]]="", "", IFERROR( INDEX( Mezcla!T:T, _xlfn.XLOOKUP(Venta4[[#This Row],[N° Lote]],Mezcla!T:T,ROW(Mezcla!T:T))+1 ), "" ) )} -> 3H COPPER EL SAUCE 1 AL 5 | H78: =IF( Venta4[[#This Row],[N° Lote]]="", "", IF( LEFT(Venta4[[#This Row],[N° Lote]],2)="CN", "CERRO NEGRO", IF( AND( ISNUMBER(VALUE(Venta4[[#This Row],[N° Lote]])), LEN(Venta4[[#This Row],[N° Lote]])=4 ), "CEMIN", IF( AND( ISNUMBER(VALUE(Venta4[[#This Row],[N° Lote]])), LEN(Venta4[[#This Row],[N° Lote]])>4 ), "ENAMI", "ORIGEN NO DEFINIDO" ) ) ) ) -> CERRO NEGRO | I78: =IF( Venta4[[#This Row],[N° Lote]]="", "", IF( LEFT(Venta4[[#This Row],[N° Lote]],2)="CN", "Sulfuro", IF( AND( ISNUMBER(VALUE(Venta4[[#This Row],[N° Lote]])), LEN(Venta4[[#This Row],[N° Lote]])=4 ), "Óxido", IF( AND( ISNUMBER(VALUE(Venta4[[#This Row],[N° Lote]])), LEN(Venta4[[#This Row],[N° Lote]])>4 ), "Sulfuro", "" ) ) ) ) -> Sulfuro | AN78: 15-jun | AO78: 5 | AP78: 158.56
B79: CN501 | C79: 2 | D79: RBWX-10 | E79: 46146 | F79: 31.9 | G79: {=IF( Venta4[[#This Row],[N° Lote]]="", "", IFERROR( INDEX( Mezcla!T:T, _xlfn.XLOOKUP(Venta4[[#This Row],[N° Lote]],Mezcla!T:T,ROW(Mezcla!T:T))+1 ), "" ) )} -> 3H COPPER EL SAUCE 1 AL 5 | H79: =IF( Venta4[[#This Row],[N° Lote]]="", "", IF( LEFT(Venta4[[#This Row],[N° Lote]],2)="CN", "CERRO NEGRO", IF( AND( ISNUMBER(VALUE(Venta4[[#This Row],[N° Lote]])), LEN(Venta4[[#This Row],[N° Lote]])=4 ), "CEMIN", IF( AND( ISNUMBER(VALUE(Venta4[[#This Row],[N° Lote]])), LEN(Venta4[[#This Row],[N° Lote]])>4 ), "ENAMI", "ORIGEN NO DEFINIDO" ) ) ) ) -> CERRO NEGRO | I79: =IF( Venta4[[#This Row],[N° Lote]]="", "", IF( LEFT(Venta4[[#This Row],[N° Lote]],2)="CN", "Sulfuro", IF( AND( ISNUMBER(VALUE(Venta4[[#This Row],[N° Lote]])), LEN(Venta4[[#This Row],[N° Lote]])=4 ), "Óxido", IF( AND( ISNUMBER(VALUE(Venta4[[#This Row],[N° Lote]])), LEN(Venta4[[#This Row],[N° Lote]])>4 ), "Sulfuro", "" ) ) ) ) -> Sulfuro | AN79: 16-jun | AO79: 4 | AP79: 122.69
B80: 50009 | C80: 1 | D80: PYCH-48 | E80: 46146 | F80: 30.54 | G80: {=IF( Venta4[[#This Row],[N° Lote]]="", "", IFERROR( INDEX( Mezcla!T:T, _xlfn.XLOOKUP(Venta4[[#This Row],[N° Lote]],Mezcla!T:T,ROW(Mezcla!T:T))+1 ), "" ) )} -> 3H COPPER El SAUCE | H80: =IF( Venta4[[#This Row],[N° Lote]]="", "", IF( LEFT(Venta4[[#This Row],[N° Lote]],2)="CN", "CERRO NEGRO", IF( AND( ISNUMBER(VALUE(Venta4[[#This Row],[N° Lote]])), LEN(Venta4[[#This Row],[N° Lote]])=4 ), "CEMIN", IF( AND( ISNUMBER(VALUE(Venta4[[#This Row],[N° Lote]])), LEN(Venta4[[#This Row],[N° Lote]])>4 ), "ENAMI", "ORIGEN NO DEFINIDO" ) ) ) ) -> ENAMI | I80: =IF( Venta4[[#This Row],[N° Lote]]="", "", IF( LEFT(Venta4[[#This Row],[N° Lote]],2)="CN", "Sulfuro", IF( AND( ISNUMBER(VALUE(Venta4[[#This Row],[N° Lote]])), LEN(Venta4[[#This Row],[N° Lote]])=4 ), "Óxido", IF( AND( ISNUMBER(VALUE(Venta4[[#This Row],[N° Lote]])), LEN(Venta4[[#This Row],[N° Lote]])>4 ), "Sulfuro", "" ) ) ) ) -> Sulfuro | AN80: 17-jun | AO80: 4 | AP80: 119.37
B81: 50013 | C81: 1 | D81: RBWX-10 | E81: 46146 | F81: 30.61 | G81: {=IF( Venta4[[#This Row],[N° Lote]]="", "", IFERROR( INDEX( Mezcla!T:T, _xlfn.XLOOKUP(Venta4[[#This Row],[N° Lote]],Mezcla!T:T,ROW(Mezcla!T:T))+1 ), "" ) )} -> Minera la Cruz | H81: =IF( Venta4[[#This Row],[N° Lote]]="", "", IF( LEFT(Venta4[[#This Row],[N° Lote]],2)="CN", "CERRO NEGRO", IF( AND( ISNUMBER(VALUE(Venta4[[#This Row],[N° Lote]])), LEN(Venta4[[#This Row],[N° Lote]])=4 ), "CEMIN", IF( AND( ISNUMBER(VALUE(Venta4[[#This Row],[N° Lote]])), LEN(Venta4[[#This Row],[N° Lote]])>4 ), "ENAMI", "ORIGEN NO DEFINIDO" ) ) ) ) -> ENAMI | I81: =IF( Venta4[[#This Row],[N° Lote]]="", "", IF( LEFT(Venta4[[#This Row],[N° Lote]],2)="CN", "Sulfuro", IF( AND( ISNUMBER(VALUE(Venta4[[#This Row],[N° Lote]])), LEN(Venta4[[#This Row],[N° Lote]])=4 ), "Óxido", IF( AND( ISNUMBER(VALUE(Venta4[[#This Row],[N° Lote]])), LEN(Venta4[[#This Row],[N° Lote]])>4 ), "Sulfuro", "" ) ) ) ) -> Sulfuro | AN81: 18-jun | AO81: 4 | AP81: 124.07
B82: CN501 | C82: 3 | D82: PYCH-48 | E82: 46147 | F82: 35.13 | G82: {=IF( Venta4[[#This Row],[N° Lote]]="", "", IFERROR( INDEX( Mezcla!T:T, _xlfn.XLOOKUP(Venta4[[#This Row],[N° Lote]],Mezcla!T:T,ROW(Mezcla!T:T))+1 ), "" ) )} -> 3H COPPER EL SAUCE 1 AL 5 | H82: =IF( Venta4[[#This Row],[N° Lote]]="", "", IF( LEFT(Venta4[[#This Row],[N° Lote]],2)="CN", "CERRO NEGRO", IF( AND( ISNUMBER(VALUE(Venta4[[#This Row],[N° Lote]])), LEN(Venta4[[#This Row],[N° Lote]])=4 ), "CEMIN", IF( AND( ISNUMBER(VALUE(Venta4[[#This Row],[N° Lote]])), LEN(Venta4[[#This Row],[N° Lote]])>4 ), "ENAMI", "ORIGEN NO DEFINIDO" ) ) ) ) -> CERRO NEGRO | I82: =IF( Venta4[[#This Row],[N° Lote]]="", "", IF( LEFT(Venta4[[#This Row],[N° Lote]],2)="CN", "Sulfuro", IF( AND( ISNUMBER(VALUE(Venta4[[#This Row],[N° Lote]])), LEN(Venta4[[#This Row],[N° Lote]])=4 ), "Óxido", IF( AND( ISNUMBER(VALUE(Venta4[[#This Row],[N° Lote]])), LEN(Venta4[[#This Row],[N° Lote]])>4 ), "Sulfuro", "" ) ) ) ) -> Sulfuro | AN82: 19-jun | AO82: 6 | AP82: 180.1
B83: 50009 | C83: 2 | D83: JKDK-25 | E83: 46147 | F83: 29.45 | G83: {=IF( Venta4[[#This Row],[N° Lote]]="", "", IFERROR( INDEX( Mezcla!T:T, _xlfn.XLOOKUP(Venta4[[#This Row],[N° Lote]],Mezcla!T:T,ROW(Mezcla!T:T))+1 ), "" ) )} -> 3H COPPER El SAUCE | H83: =IF( Venta4[[#This Row],[N° Lote]]="", "", IF( LEFT(Venta4[[#This Row],[N° Lote]],2)="CN", "CERRO NEGRO", IF( AND( ISNUMBER(VALUE(Venta4[[#This Row],[N° Lote]])), LEN(Venta4[[#This Row],[N° Lote]])=4 ), "CEMIN", IF( AND( ISNUMBER(VALUE(Venta4[[#This Row],[N° Lote]])), LEN(Venta4[[#This Row],[N° Lote]])>4 ), "ENAMI", "ORIGEN NO DEFINIDO" ) ) ) ) -> ENAMI | I83: =IF( Venta4[[#This Row],[N° Lote]]="", "", IF( LEFT(Venta4[[#This Row],[N° Lote]],2)="CN", "Sulfuro", IF( AND( ISNUMBER(VALUE(Venta4[[#This Row],[N° Lote]])), LEN(Venta4[[#This Row],[N° Lote]])=4 ), "Óxido", IF( AND( ISNUMBER(VALUE(Venta4[[#This Row],[N° Lote]])), LEN(Venta4[[#This Row],[N° Lote]])>4 ), "Sulfuro", "" ) ) ) ) -> Sulfuro | AN83: 22-jun | AO83: 4 | AP83: 125.06
B84: CN501 | C84: 4 | D84: PYCH-48 | E84: 46148 | F84: 35.77 | G84: {=IF( Venta4[[#This Row],[N° Lote]]="", "", IFERROR( INDEX( Mezcla!T:T, _xlfn.XLOOKUP(Venta4[[#This Row],[N° Lote]],Mezcla!T:T,ROW(Mezcla!T:T))+1 ), "" ) )} -> 3H COPPER EL SAUCE 1 AL 5 | H84: =IF( Venta4[[#This Row],[N° Lote]]="", "", IF( LEFT(Venta4[[#This Row],[N° Lote]],2)="CN", "CERRO NEGRO", IF( AND( ISNUMBER(VALUE(Venta4[[#This Row],[N° Lote]])), LEN(Venta4[[#This Row],[N° Lote]])=4 ), "CEMIN", IF( AND( ISNUMBER(VALUE(Venta4[[#This Row],[N° Lote]])), LEN(Venta4[[#This Row],[N° Lote]])>4 ), "ENAMI", "ORIGEN NO DEFINIDO" ) ) ) ) -> CERRO NEGRO | I84: =IF( Venta4[[#This Row],[N° Lote]]="", "", IF( LEFT(Venta4[[#This Row],[N° Lote]],2)="CN", "Sulfuro", IF( AND( ISNUMBER(VALUE(Venta4[[#This Row],[N° Lote]])), LEN(Venta4[[#This Row],[N° Lote]])=4 ), "Óxido", IF( AND( ISNUMBER(VALUE(Venta4[[#This Row],[N° Lote]])), LEN(Venta4[[#This Row],[N° Lote]])>4 ), "Sulfuro", "" ) ) ) ) -> Sulfuro | AN84: 23-jun | AO84: 5 | AP84: 156.99
B85: CN502 | C85: 1 | D85: RBWX-10 | E85: 46148 | F85: 30.68 | G85: {=IF( Venta4[[#This Row],[N° Lote]]="", "", IFERROR( INDEX( Mezcla!T:T, _xlfn.XLOOKUP(Venta4[[#This Row],[N° Lote]],Mezcla!T:T,ROW(Mezcla!T:T))+1 ), "" ) )} -> 3H COPPER EL SAUCE 1 AL 5 | H85: =IF( Venta4[[#This Row],[N° Lote]]="", "", IF( LEFT(Venta4[[#This Row],[N° Lote]],2)="CN", "CERRO NEGRO", IF( AND( ISNUMBER(VALUE(Venta4[[#This Row],[N° Lote]])), LEN(Venta4[[#This Row],[N° Lote]])=4 ), "CEMIN", IF( AND( ISNUMBER(VALUE(Venta4[[#This Row],[N° Lote]])), LEN(Venta4[[#This Row],[N° Lote]])>4 ), "ENAMI", "ORIGEN NO DEFINIDO" ) ) ) ) -> CERRO NEGRO | I85: =IF( Venta4[[#This Row],[N° Lote]]="", "", IF( LEFT(Venta4[[#This Row],[N° Lote]],2)="CN", "Sulfuro", IF( AND( ISNUMBER(VALUE(Venta4[[#This Row],[N° Lote]])), LEN(Venta4[[#This Row],[N° Lote]])=4 ), "Óxido", IF( AND( ISNUMBER(VALUE(Venta4[[#This Row],[N° Lote]])), LEN(Venta4[[#This Row],[N° Lote]])>4 ), "Sulfuro", "" ) ) ) ) -> Sulfuro | AN85: 24-jun | AO85: 4 | AP85: 124.22
B86: 50013 | C86: 2 | D86: LCPV-34 | E86: 46148 | F86: 29.82 | G86: {=IF( Venta4[[#This Row],[N° Lote]]="", "", IFERROR( INDEX( Mezcla!T:T, _xlfn.XLOOKUP(Venta4[[#This Row],[N° Lote]],Mezcla!T:T,ROW(Mezcla!T:T))+1 ), "" ) )} -> Minera la Cruz | H86: =IF( Venta4[[#This Row],[N° Lote]]="", "", IF( LEFT(Venta4[[#This Row],[N° Lote]],2)="CN", "CERRO NEGRO", IF( AND( ISNUMBER(VALUE(Venta4[[#This Row],[N° Lote]])), LEN(Venta4[[#This Row],[N° Lote]])=4 ), "CEMIN", IF( AND( ISNUMBER(VALUE(Venta4[[#This Row],[N° Lote]])), LEN(Venta4[[#This Row],[N° Lote]])>4 ), "ENAMI", "ORIGEN NO DEFINIDO" ) ) ) ) -> ENAMI | I86: =IF( Venta4[[#This Row],[N° Lote]]="", "", IF( LEFT(Venta4[[#This Row],[N° Lote]],2)="CN", "Sulfuro", IF( AND( ISNUMBER(VALUE(Venta4[[#This Row],[N° Lote]])), LEN(Venta4[[#This Row],[N° Lote]])=4 ), "Óxido", IF( AND( ISNUMBER(VALUE(Venta4[[#This Row],[N° Lote]])), LEN(Venta4[[#This Row],[N° Lote]])>4 ), "Sulfuro", "" ) ) ) ) -> Sulfuro | AN86: 25-jun | AO86: 5 | AP86: 156.52
B87: 50009 | C87: 3 | D87: JKDK-25 | E87: 46148 | F87: 31.33 | G87: {=IF( Venta4[[#This Row],[N° Lote]]="", "", IFERROR( INDEX( Mezcla!T:T, _xlfn.XLOOKUP(Venta4[[#This Row],[N° Lote]],Mezcla!T:T,ROW(Mezcla!T:T))+1 ), "" ) )} -> 3H COPPER El SAUCE | H87: =IF( Venta4[[#This Row],[N° Lote]]="", "", IF( LEFT(Venta4[[#This Row],[N° Lote]],2)="CN", "CERRO NEGRO", IF( AND( ISNUMBER(VALUE(Venta4[[#This Row],[N° Lote]])), LEN(Venta4[[#This Row],[N° Lote]])=4 ), "CEMIN", IF( AND( ISNUMBER(VALUE(Venta4[[#This Row],[N° Lote]])), LEN(Venta4[[#This Row],[N° Lote]])>4 ), "ENAMI", "ORIGEN NO DEFINIDO" ) ) ) ) -> ENAMI | I87: =IF( Venta4[[#This Row],[N° Lote]]="", "", IF( LEFT(Venta4[[#This Row],[N° Lote]],2)="CN", "Sulfuro", IF( AND( ISNUMBER(VALUE(Venta4[[#This Row],[N° Lote]])), LEN(Venta4[[#This Row],[N° Lote]])=4 ), "Óxido", IF( AND( ISNUMBER(VALUE(Venta4[[#This Row],[N° Lote]])), LEN(Venta4[[#This Row],[N° Lote]])>4 ), "Sulfuro", "" ) ) ) ) -> Sulfuro | AN87: 26-jun | AO87: 4 | AP87: 124.09
B88: 50009 | C88: 4 | D88: PYCH-48 | E88: 46149 | F88: 29.25 | G88: {=IF( Venta4[[#This Row],[N° Lote]]="", "", IFERROR( INDEX( Mezcla!T:T, _xlfn.XLOOKUP(Venta4[[#This Row],[N° Lote]],Mezcla!T:T,ROW(Mezcla!T:T))+1 ), "" ) )} -> 3H COPPER El SAUCE | H88: =IF( Venta4[[#This Row],[N° Lote]]="", "", IF( LEFT(Venta4[[#This Row],[N° Lote]],2)="CN", "CERRO NEGRO", IF( AND( ISNUMBER(VALUE(Venta4[[#This Row],[N° Lote]])), LEN(Venta4[[#This Row],[N° Lote]])=4 ), "CEMIN", IF( AND( ISNUMBER(VALUE(Venta4[[#This Row],[N° Lote]])), LEN(Venta4[[#This Row],[N° Lote]])>4 ), "ENAMI", "ORIGEN NO DEFINIDO" ) ) ) ) -> ENAMI | I88: =IF( Venta4[[#This Row],[N° Lote]]="", "", IF( LEFT(Venta4[[#This Row],[N° Lote]],2)="CN", "Sulfuro", IF( AND( ISNUMBER(VALUE(Venta4[[#This Row],[N° Lote]])), LEN(Venta4[[#This Row],[N° Lote]])=4 ), "Óxido", IF( AND( ISNUMBER(VALUE(Venta4[[#This Row],[N° Lote]])), LEN(Venta4[[#This Row],[N° Lote]])>4 ), "Sulfuro", "" ) ) ) ) -> Sulfuro | AN88: 27-jun | AO88: 4 | AP88: 125.88
B89: 50022 | C89: 1 | D89: JKDK-25 | E89: 46149 | F89: 25.56 | G89: {=IF( Venta4[[#This Row],[N° Lote]]="", "", IFERROR( INDEX( Mezcla!T:T, _xlfn.XLOOKUP(Venta4[[#This Row],[N° Lote]],Mezcla!T:T,ROW(Mezcla!T:T))+1 ), "" ) )} -> 3H COPPER El SAUCE | H89: =IF( Venta4[[#This Row],[N° Lote]]="", "", IF( LEFT(Venta4[[#This Row],[N° Lote]],2)="CN", "CERRO NEGRO", IF( AND( ISNUMBER(VALUE(Venta4[[#This Row],[N° Lote]])), LEN(Venta4[[#This Row],[N° Lote]])=4 ), "CEMIN", IF( AND( ISNUMBER(VALUE(Venta4[[#This Row],[N° Lote]])), LEN(Venta4[[#This Row],[N° Lote]])>4 ), "ENAMI", "ORIGEN NO DEFINIDO" ) ) ) ) -> ENAMI | I89: =IF( Venta4[[#This Row],[N° Lote]]="", "", IF( LEFT(Venta4[[#This Row],[N° Lote]],2)="CN", "Sulfuro", IF( AND( ISNUMBER(VALUE(Venta4[[#This Row],[N° Lote]])), LEN(Venta4[[#This Row],[N° Lote]])=4 ), "Óxido", IF( AND( ISNUMBER(VALUE(Venta4[[#This Row],[N° Lote]])), LEN(Venta4[[#This Row],[N° Lote]])>4 ), "Sulfuro", "" ) ) ) ) -> Sulfuro | AN89: jul | AO89: 16 | AP89: 500.99
B90: CN502 | C90: 2 | D90: RBWX-10 | E90: 46149 | F90: 28.99 | G90: {=IF( Venta4[[#This Row],[N° Lote]]="", "", IFERROR( INDEX( Mezcla!T:T, _xlfn.XLOOKUP(Venta4[[#This Row],[N° Lote]],Mezcla!T:T,ROW(Mezcla!T:T))+1 ), "" ) )} -> 3H COPPER EL SAUCE 1 AL 5 | H90: =IF( Venta4[[#This Row],[N° Lote]]="", "", IF( LEFT(Venta4[[#This Row],[N° Lote]],2)="CN", "CERRO NEGRO", IF( AND( ISNUMBER(VALUE(Venta4[[#This Row],[N° Lote]])), LEN(Venta4[[#This Row],[N° Lote]])=4 ), "CEMIN", IF( AND( ISNUMBER(VALUE(Venta4[[#This Row],[N° Lote]])), LEN(Venta4[[#This Row],[N° Lote]])>4 ), "ENAMI", "ORIGEN NO DEFINIDO" ) ) ) ) -> CERRO NEGRO | I90: =IF( Venta4[[#This Row],[N° Lote]]="", "", IF( LEFT(Venta4[[#This Row],[N° Lote]],2)="CN", "Sulfuro", IF( AND( ISNUMBER(VALUE(Venta4[[#This Row],[N° Lote]])), LEN(Venta4[[#This Row],[N° Lote]])=4 ), "Óxido", IF( AND( ISNUMBER(VALUE(Venta4[[#This Row],[N° Lote]])), LEN(Venta4[[#This Row],[N° Lote]])>4 ), "Sulfuro", "" ) ) ) ) -> Sulfuro | AN90: 01-jul | AO90: 7 | AP90: 221.21
B91: CN502 | C91: 3 | D91: RBWX-10 | E91: 46150 | F91: 30.76 | G91: {=IF( Venta4[[#This Row],[N° Lote]]="", "", IFERROR( INDEX( Mezcla!T:T, _xlfn.XLOOKUP(Venta4[[#This Row],[N° Lote]],Mezcla!T:T,ROW(Mezcla!T:T))+1 ), "" ) )} -> 3H COPPER EL SAUCE 1 AL 5 | H91: =IF( Venta4[[#This Row],[N° Lote]]="", "", IF( LEFT(Venta4[[#This Row],[N° Lote]],2)="CN", "CERRO NEGRO", IF( AND( ISNUMBER(VALUE(Venta4[[#This Row],[N° Lote]])), LEN(Venta4[[#This Row],[N° Lote]])=4 ), "CEMIN", IF( AND( ISNUMBER(VALUE(Venta4[[#This Row],[N° Lote]])), LEN(Venta4[[#This Row],[N° Lote]])>4 ), "ENAMI", "ORIGEN NO DEFINIDO" ) ) ) ) -> CERRO NEGRO | I91: =IF( Venta4[[#This Row],[N° Lote]]="", "", IF( LEFT(Venta4[[#This Row],[N° Lote]],2)="CN", "Sulfuro", IF( AND( ISNUMBER(VALUE(Venta4[[#This Row],[N° Lote]])), LEN(Venta4[[#This Row],[N° Lote]])=4 ), "Óxido", IF( AND( ISNUMBER(VALUE(Venta4[[#This Row],[N° Lote]])), LEN(Venta4[[#This Row],[N° Lote]])>4 ), "Sulfuro", "" ) ) ) ) -> Sulfuro | AN91: 03-jul | AO91: 5 | AP91: 157.46
B92: CN502 | C92: 4 | D92: RBWX-10 | E92: 46150 | F92: 37.43 | G92: {=IF( Venta4[[#This Row],[N° Lote]]="", "", IFERROR( INDEX( Mezcla!T:T, _xlfn.XLOOKUP(Venta4[[#This Row],[N° Lote]],Mezcla!T:T,ROW(Mezcla!T:T))+1 ), "" ) )} -> 3H COPPER EL SAUCE 1 AL 5 | H92: =IF( Venta4[[#This Row],[N° Lote]]="", "", IF( LEFT(Venta4[[#This Row],[N° Lote]],2)="CN", "CERRO NEGRO", IF( AND( ISNUMBER(VALUE(Venta4[[#This Row],[N° Lote]])), LEN(Venta4[[#This Row],[N° Lote]])=4 ), "CEMIN", IF( AND( ISNUMBER(VALUE(Venta4[[#This Row],[N° Lote]])), LEN(Venta4[[#This Row],[N° Lote]])>4 ), "ENAMI", "ORIGEN NO DEFINIDO" ) ) ) ) -> CERRO NEGRO | I92: =IF( Venta4[[#This Row],[N° Lote]]="", "", IF( LEFT(Venta4[[#This Row],[N° Lote]],2)="CN", "Sulfuro", IF( AND( ISNUMBER(VALUE(Venta4[[#This Row],[N° Lote]])), LEN(Venta4[[#This Row],[N° Lote]])=4 ), "Óxido", IF( AND( ISNUMBER(VALUE(Venta4[[#This Row],[N° Lote]])), LEN(Venta4[[#This Row],[N° Lote]])>4 ), "Sulfuro", "" ) ) ) ) -> Sulfuro | AN92: 06-jul | AO92: 4 | AP92: 122.32
B93: 50013 | C93: 3 | D93: LCPV-34 | E93: 46150 | F93: 29.62 | G93: {=IF( Venta4[[#This Row],[N° Lote]]="", "", IFERROR( INDEX( Mezcla!T:T, _xlfn.XLOOKUP(Venta4[[#This Row],[N° Lote]],Mezcla!T:T,ROW(Mezcla!T:T))+1 ), "" ) )} -> Minera la Cruz | H93: =IF( Venta4[[#This Row],[N° Lote]]="", "", IF( LEFT(Venta4[[#This Row],[N° Lote]],2)="CN", "CERRO NEGRO", IF( AND( ISNUMBER(VALUE(Venta4[[#This Row],[N° Lote]])), LEN(Venta4[[#This Row],[N° Lote]])=4 ), "CEMIN", IF( AND( ISNUMBER(VALUE(Venta4[[#This Row],[N° Lote]])), LEN(Venta4[[#This Row],[N° Lote]])>4 ), "ENAMI", "ORIGEN NO DEFINIDO" ) ) ) ) -> ENAMI | I93: =IF( Venta4[[#This Row],[N° Lote]]="", "", IF( LEFT(Venta4[[#This Row],[N° Lote]],2)="CN", "Sulfuro", IF( AND( ISNUMBER(VALUE(Venta4[[#This Row],[N° Lote]])), LEN(Venta4[[#This Row],[N° Lote]])=4 ), "Óxido", IF( AND( ISNUMBER(VALUE(Venta4[[#This Row],[N° Lote]])), LEN(Venta4[[#This Row],[N° Lote]])>4 ), "Sulfuro", "" ) ) ) ) -> Sulfuro | AN93: Total general | AO93: 268 | AP93: 8350.47
B94: 50013 | C94: 4 | D94: HZSD-27 | E94: 46150 | F94: 25.61 | G94: {=IF( Venta4[[#This Row],[N° Lote]]="", "", IFERROR( INDEX( Mezcla!T:T, _xlfn.XLOOKUP(Venta4[[#This Row],[N° Lote]],Mezcla!T:T,ROW(Mezcla!T:T))+1 ), "" ) )} -> Minera la Cruz | H94: =IF( Venta4[[#This Row],[N° Lote]]="", "", IF( LEFT(Venta4[[#This Row],[N° Lote]],2)="CN", "CERRO NEGRO", IF( AND( ISNUMBER(VALUE(Venta4[[#This Row],[N° Lote]])), LEN(Venta4[[#This Row],[N° Lote]])=4 ), "CEMIN", IF( AND( ISNUMBER(VALUE(Venta4[[#This Row],[N° Lote]])), LEN(Venta4[[#This Row],[N° Lote]])>4 ), "ENAMI", "ORIGEN NO DEFINIDO" ) ) ) ) -> ENAMI | I94: =IF( Venta4[[#This Row],[N° Lote]]="", "", IF( LEFT(Venta4[[#This Row],[N° Lote]],2)="CN", "Sulfuro", IF( AND( ISNUMBER(VALUE(Venta4[[#This Row],[N° Lote]])), LEN(Venta4[[#This Row],[N° Lote]])=4 ), "Óxido", IF( AND( ISNUMBER(VALUE(Venta4[[#This Row],[N° Lote]])), LEN(Venta4[[#This Row],[N° Lote]])>4 ), "Sulfuro", "" ) ) ) ) -> Sulfuro
B95: CN503 | C95: 1 | D95: RBWX-10 | E95: 46151 | F95: 31.42 | G95: {=IF( Venta4[[#This Row],[N° Lote]]="", "", IFERROR( INDEX( Mezcla!T:T, _xlfn.XLOOKUP(Venta4[[#This Row],[N° Lote]],Mezcla!T:T,ROW(Mezcla!T:T))+1 ), "" ) )} -> 3H COPPER EL SAUCE 1 AL 5 | H95: =IF( Venta4[[#This Row],[N° Lote]]="", "", IF( LEFT(Venta4[[#This Row],[N° Lote]],2)="CN", "CERRO NEGRO", IF( AND( ISNUMBER(VALUE(Venta4[[#This Row],[N° Lote]])), LEN(Venta4[[#This Row],[N° Lote]])=4 ), "CEMIN", IF( AND( ISNUMBER(VALUE(Venta4[[#This Row],[N° Lote]])), LEN(Venta4[[#This Row],[N° Lote]])>4 ), "ENAMI", "ORIGEN NO DEFINIDO" ) ) ) ) -> CERRO NEGRO | I95: =IF( Venta4[[#This Row],[N° Lote]]="", "", IF( LEFT(Venta4[[#This Row],[N° Lote]],2)="CN", "Sulfuro", IF( AND( ISNUMBER(VALUE(Venta4[[#This Row],[N° Lote]])), LEN(Venta4[[#This Row],[N° Lote]])=4 ), "Óxido", IF( AND( ISNUMBER(VALUE(Venta4[[#This Row],[N° Lote]])), LEN(Venta4[[#This Row],[N° Lote]])>4 ), "Sulfuro", "" ) ) ) ) -> Sulfuro
B96: CN503 | C96: 2 | D96: PYCH-48 | E96: 46151 | F96: 35.19 | G96: {=IF( Venta4[[#This Row],[N° Lote]]="", "", IFERROR( INDEX( Mezcla!T:T, _xlfn.XLOOKUP(Venta4[[#This Row],[N° Lote]],Mezcla!T:T,ROW(Mezcla!T:T))+1 ), "" ) )} -> 3H COPPER EL SAUCE 1 AL 5 | H96: =IF( Venta4[[#This Row],[N° Lote]]="", "", IF( LEFT(Venta4[[#This Row],[N° Lote]],2)="CN", "CERRO NEGRO", IF( AND( ISNUMBER(VALUE(Venta4[[#This Row],[N° Lote]])), LEN(Venta4[[#This Row],[N° Lote]])=4 ), "CEMIN", IF( AND( ISNUMBER(VALUE(Venta4[[#This Row],[N° Lote]])), LEN(Venta4[[#This Row],[N° Lote]])>4 ), "ENAMI", "ORIGEN NO DEFINIDO" ) ) ) ) -> CERRO NEGRO | I96: =IF( Venta4[[#This Row],[N° Lote]]="", "", IF( LEFT(Venta4[[#This Row],[N° Lote]],2)="CN", "Sulfuro", IF( AND( ISNUMBER(VALUE(Venta4[[#This Row],[N° Lote]])), LEN(Venta4[[#This Row],[N° Lote]])=4 ), "Óxido", IF( AND( ISNUMBER(VALUE(Venta4[[#This Row],[N° Lote]])), LEN(Venta4[[#This Row],[N° Lote]])>4 ), "Sulfuro", "" ) ) ) ) -> Sulfuro
B97: CN503 | C97: 3 | D97: JKDK-25 | E97: 46151 | F97: 31.99 | G97: {=IF( Venta4[[#This Row],[N° Lote]]="", "", IFERROR( INDEX( Mezcla!T:T, _xlfn.XLOOKUP(Venta4[[#This Row],[N° Lote]],Mezcla!T:T,ROW(Mezcla!T:T))+1 ), "" ) )} -> 3H COPPER EL SAUCE 1 AL 5 | H97: =IF( Venta4[[#This Row],[N° Lote]]="", "", IF( LEFT(Venta4[[#This Row],[N° Lote]],2)="CN", "CERRO NEGRO", IF( AND( ISNUMBER(VALUE(Venta4[[#This Row],[N° Lote]])), LEN(Venta4[[#This Row],[N° Lote]])=4 ), "CEMIN", IF( AND( ISNUMBER(VALUE(Venta4[[#This Row],[N° Lote]])), LEN(Venta4[[#This Row],[N° Lote]])>4 ), "ENAMI", "ORIGEN NO DEFINIDO" ) ) ) ) -> CERRO NEGRO | I97: =IF( Venta4[[#This Row],[N° Lote]]="", "", IF( LEFT(Venta4[[#This Row],[N° Lote]],2)="CN", "Sulfuro", IF( AND( ISNUMBER(VALUE(Venta4[[#This Row],[N° Lote]])), LEN(Venta4[[#This Row],[N° Lote]])=4 ), "Óxido", IF( AND( ISNUMBER(VALUE(Venta4[[#This Row],[N° Lote]])), LEN(Venta4[[#This Row],[N° Lote]])>4 ), "Sulfuro", "" ) ) ) ) -> Sulfuro
B98: CN503 | C98: 4 | D98: RBWX-10 | E98: 46151 | F98: 31.84 | G98: {=IF( Venta4[[#This Row],[N° Lote]]="", "", IFERROR( INDEX( Mezcla!T:T, _xlfn.XLOOKUP(Venta4[[#This Row],[N° Lote]],Mezcla!T:T,ROW(Mezcla!T:T))+1 ), "" ) )} -> 3H COPPER EL SAUCE 1 AL 5 | H98: =IF( Venta4[[#This Row],[N° Lote]]="", "", IF( LEFT(Venta4[[#This Row],[N° Lote]],2)="CN", "CERRO NEGRO", IF( AND( ISNUMBER(VALUE(Venta4[[#This Row],[N° Lote]])), LEN(Venta4[[#This Row],[N° Lote]])=4 ), "CEMIN", IF( AND( ISNUMBER(VALUE(Venta4[[#This Row],[N° Lote]])), LEN(Venta4[[#This Row],[N° Lote]])>4 ), "ENAMI", "ORIGEN NO DEFINIDO" ) ) ) ) -> CERRO NEGRO | I98: =IF( Venta4[[#This Row],[N° Lote]]="", "", IF( LEFT(Venta4[[#This Row],[N° Lote]],2)="CN", "Sulfuro", IF( AND( ISNUMBER(VALUE(Venta4[[#This Row],[N° Lote]])), LEN(Venta4[[#This Row],[N° Lote]])=4 ), "Óxido", IF( AND( ISNUMBER(VALUE(Venta4[[#This Row],[N° Lote]])), LEN(Venta4[[#This Row],[N° Lote]])>4 ), "Sulfuro", "" ) ) ) ) -> Sulfuro
B99: 50022 | C99: 2 | D99: JKDK-25 | E99: 46151 | F99: 31.47 | G99: {=IF( Venta4[[#This Row],[N° Lote]]="", "", IFERROR( INDEX( Mezcla!T:T, _xlfn.XLOOKUP(Venta4[[#This Row],[N° Lote]],Mezcla!T:T,ROW(Mezcla!T:T))+1 ), "" ) )} -> 3H COPPER El SAUCE | H99: =IF( Venta4[[#This Row],[N° Lote]]="", "", IF( LEFT(Venta4[[#This Row],[N° Lote]],2)="CN", "CERRO NEGRO", IF( AND( ISNUMBER(VALUE(Venta4[[#This Row],[N° Lote]])), LEN(Venta4[[#This Row],[N° Lote]])=4 ), "CEMIN", IF( AND( ISNUMBER(VALUE(Venta4[[#This Row],[N° Lote]])), LEN(Venta4[[#This Row],[N° Lote]])>4 ), "ENAMI", "ORIGEN NO DEFINIDO" ) ) ) ) -> ENAMI | I99: =IF( Venta4[[#This Row],[N° Lote]]="", "", IF( LEFT(Venta4[[#This Row],[N° Lote]],2)="CN", "Sulfuro", IF( AND( ISNUMBER(VALUE(Venta4[[#This Row],[N° Lote]])), LEN(Venta4[[#This Row],[N° Lote]])=4 ), "Óxido", IF( AND( ISNUMBER(VALUE(Venta4[[#This Row],[N° Lote]])), LEN(Venta4[[#This Row],[N° Lote]])>4 ), "Sulfuro", "" ) ) ) ) -> Sulfuro
B100: 50025 | C100: 1 | D100: PYCH-48 | E100: 46151 | F100: 30.45 | G100: {=IF( Venta4[[#This Row],[N° Lote]]="", "", IFERROR( INDEX( Mezcla!T:T, _xlfn.XLOOKUP(Venta4[[#This Row],[N° Lote]],Mezcla!T:T,ROW(Mezcla!T:T))+1 ), "" ) )} -> Minera la Cruz | H100: =IF( Venta4[[#This Row],[N° Lote]]="", "", IF( LEFT(Venta4[[#This Row],[N° Lote]],2)="CN", "CERRO NEGRO", IF( AND( ISNUMBER(VALUE(Venta4[[#This Row],[N° Lote]])), LEN(Venta4[[#This Row],[N° Lote]])=4 ), "CEMIN", IF( AND( ISNUMBER(VALUE(Venta4[[#This Row],[N° Lote]])), LEN(Venta4[[#This Row],[N° Lote]])>4 ), "ENAMI", "ORIGEN NO DEFINIDO" ) ) ) ) -> ENAMI | I100: =IF( Venta4[[#This Row],[N° Lote]]="", "", IF( LEFT(Venta4[[#This Row],[N° Lote]],2)="CN", "Sulfuro", IF( AND( ISNUMBER(VALUE(Venta4[[#This Row],[N° Lote]])), LEN(Venta4[[#This Row],[N° Lote]])=4 ), "Óxido", IF( AND( ISNUMBER(VALUE(Venta4[[#This Row],[N° Lote]])), LEN(Venta4[[#This Row],[N° Lote]])>4 ), "Sulfuro", "" ) ) ) ) -> Sulfuro
B101: CN504 | C101: 1 | D101: RBWX-10 | E101: 46153 | F101: 35.13 | G101: {=IF( Venta4[[#This Row],[N° Lote]]="", "", IFERROR( INDEX( Mezcla!T:T, _xlfn.XLOOKUP(Venta4[[#This Row],[N° Lote]],Mezcla!T:T,ROW(Mezcla!T:T))+1 ), "" ) )} -> Minera la Cruz Vicente2 1 al 26 | H101: =IF( Venta4[[#This Row],[N° Lote]]="", "", IF( LEFT(Venta4[[#This Row],[N° Lote]],2)="CN", "CERRO NEGRO", IF( AND( ISNUMBER(VALUE(Venta4[[#This Row],[N° Lote]])), LEN(Venta4[[#This Row],[N° Lote]])=4 ), "CEMIN", IF( AND( ISNUMBER(VALUE(Venta4[[#This Row],[N° Lote]])), LEN(Venta4[[#This Row],[N° Lote]])>4 ), "ENAMI", "ORIGEN NO DEFINIDO" ) ) ) ) -> CERRO NEGRO | I101: =IF( Venta4[[#This Row],[N° Lote]]="", "", IF( LEFT(Venta4[[#This Row],[N° Lote]],2)="CN", "Sulfuro", IF( AND( ISNUMBER(VALUE(Venta4[[#This Row],[N° Lote]])), LEN(Venta4[[#This Row],[N° Lote]])=4 ), "Óxido", IF( AND( ISNUMBER(VALUE(Venta4[[#This Row],[N° Lote]])), LEN(Venta4[[#This Row],[N° Lote]])>4 ), "Sulfuro", "" ) ) ) ) -> Sulfuro
...

Sheet Mezcla
A2: Enero | B2: 2026 | C2: - | D2: - | E2: - | F2: - | G2: - | I2: - | Q2: - | R2: - | S2: - | T2: - | U2: - | V2: - | W2: - | X2: - | Y2: - | Z2: - | AA2: - | AB2: - | AC2: - | AD2: - | AE2: - | AF2: - | AG2: - | AH2: - | AI2: - | AJ2: - | AK2: - | AL2: - | AM2: - | AN2: - | AO2: - | AP2: - | AQ2: - | AR2: - | AS2: - | AT2: - | AU2: - | AV2: - | AW2: - | AX2: - | AY2: - | AZ2: - | BA2: - | BB2: -
I4: CN001 | J4: ACOPIO | K4: TON | L4: LEY DUMP | M4: LEY VISUAL | N4: LEY LOTE | R4: CERRO NEGRO | AH4: =+I4 -> CN001 | AI4: Cui
B5: fecha | C5: (Varios elementos) | H5: 34 | I5: =IF(H5="", IFERROR(MATCH("**", B:B, 0), ""), IFERROR(MATCH("* "&H5&" *", B:B, 0), "") ) -> 41 | J5: {=INDIRECT("B" & I5)} -> NIVEL 789 REC PM 34 29-12-2025 | K5: =INDEX(D:D, MATCH(J5, $B:$B, 0)) -> 3.4 | L5: =INDEX(E:E, MATCH(J5, $B:$B, 0))*0.9 -> 0.02484 | M5: =INDEX(F:F, MATCH(J5, $B:$B, 0)) -> 0 | N5: =+IF(L5=0,M5*0.9,L5*0.9) -> 0.022356 | O5: =+IF(L5=0,"-","Dump") -> Dump | P5: =+K5/5.6 -> 0.60714286 | AH5: =+K60-SUMIF(AB:AB, AH4, Y:Y) -> 77.59 | AI5: =+N60 -> 0.014050508 | AJ5: =COUNTIF(AB:AB, AH4) -> 4
H6: 35 | I6: =IF(H6="", IFERROR(MATCH("**", B:B, 0), ""), IFERROR(MATCH("* "&H6&" *", B:B, 0), "") ) -> 42 | J6: {=INDIRECT("B" & I6)} -> NIVEL 789 REC PM 35 29-12-2025 | K6: =INDEX(D:D, MATCH(J6, $B:$B, 0)) -> 3.4 | L6: =INDEX(E:E, MATCH(J6, $B:$B, 0))*0.9 -> 0.01845 | M6: =INDEX(F:F, MATCH(J6, $B:$B, 0)) -> 0 | N6: =+IF(L6=0,M6*0.9,L6*0.9) -> 0.016605 | O6: =+IF(L6=0,"-","Dump") -> Dump | P6: =+K6/5.6 -> 0.60714286 | R6: N°Lote | S6: Camionada | T6: Ticket | U6: Patente | V6: Fecha Despacho | W6: Fecha Recepción | X6: Hora | Y6: Peso | Z6: Ley mezcla | AA6: Ley Visual | AB6: Origen | AC6: Ley Lab Camion | AD6: Diferencia | AE6: % Error
B7: ACOPIOS | C7: DUMPADAS | D7: TON. | E7: ley Cup | F7: Promedio de Ley Visual | H7: 36 | I7: =IF(H7="", IFERROR(MATCH("**", B:B, 0), ""), IFERROR(MATCH("* "&H7&" *", B:B, 0), "") ) -> 43 | J7: {=INDIRECT("B" & I7)} -> NIVEL 789 REC PM 36 29-12-2025 | K7: =INDEX(D:D, MATCH(J7, $B:$B, 0)) -> 3.4 | L7: =INDEX(E:E, MATCH(J7, $B:$B, 0))*0.9 -> 0.01782 | M7: =INDEX(F:F, MATCH(J7, $B:$B, 0)) -> 0 | N7: =+IF(L7=0,M7*0.9,L7*0.9) -> 0.016038 | O7: =+IF(L7=0,"-","Dump") -> Dump | P7: =+K7/5.6 -> 0.60714286 | R7: CN001 | S7: 1 | U7: PYCH-48 | V7: 46035 | W7: 46035 | Y7: 27.35 | Z7: =+L61 -> 0.017346306 | AA7: =+M60 -> 0 | AB7: =+I4 -> CN001 | AD7: =+AC18-Z18 -> -0.01792905 | AE7: =+(AC18-Z18)/Z18 -> -1
B8: NIVEL 970 SELLO AM 1 24-12-2025 | C8: 1 | D8: 3.5 | E8: 0.012 | H8: 37 | I8: =IF(H8="", IFERROR(MATCH("**", B:B, 0), ""), IFERROR(MATCH("* "&H8&" *", B:B, 0), "") ) -> 44 | J8: {=INDIRECT("B" & I8)} -> NIVEL 1018 FRENTE AM 37 30-12-2025 | K8: =INDEX(D:D, MATCH(J8, $B:$B, 0)) -> 3.5 | L8: =INDEX(E:E, MATCH(J8, $B:$B, 0))*0.9 -> 0.02061 | M8: =INDEX(F:F, MATCH(J8, $B:$B, 0)) -> 0 | N8: =+IF(L8=0,M8*0.9,L8*0.9) -> 0.018549 | O8: =+IF(L8=0,"-","Dump") -> Dump | P8: =+K8/5.6 -> 0.625 | R8: 3H COPPER EL SAUCE 1 AL 5 | S8: 2 | U8: JKDK-25 | V8: 46035 | W8: 46035 | Y8: 30.41 | Z8: =+L61 -> 0.017346306 | AA8: =+M60 -> 0 | AB8: =+I4 -> CN001
B9: NIVEL 970 SELLO AM 2 24-12-2025 | C9: 1 | D9: 3.5 | E9: 0.012 | H9: 38 | I9: =IF(H9="", IFERROR(MATCH("**", B:B, 0), ""), IFERROR(MATCH("* "&H9&" *", B:B, 0), "") ) -> 45 | J9: {=INDIRECT("B" & I9)} -> NIVEL 1018 FRENTE AM 38 30-12-2025 | K9: =INDEX(D:D, MATCH(J9, $B:$B, 0)) -> 3.5 | L9: =INDEX(E:E, MATCH(J9, $B:$B, 0))*0.9 -> 0.01305 | M9: =INDEX(F:F, MATCH(J9, $B:$B, 0)) -> 0 | N9: =+IF(L9=0,M9*0.9,L9*0.9) -> 0.011745 | O9: =+IF(L9=0,"-","Dump") -> Dump | P9: =+K9/5.6 -> 0.625 | S9: 3 | U9: LCGZ-26 | V9: 46035 | W9: 46035 | Y9: 27.69 | Z9: =+L61 -> 0.017346306 | AA9: =+M60 -> 0 | AB9: =+I4 -> CN001
B10: NIVEL 970 SELLO AM 3 24-12-2025 | C10: 1 | D10: 3.5 | E10: 0.012 | H10: 39 | I10: =IF(H10="", IFERROR(MATCH("**", B:B, 0), ""), IFERROR(MATCH("* "&H10&" *", B:B, 0), "") ) -> 46 | J10: {=INDIRECT("B" & I10)} -> NIVEL 1018 FRENTE AM 39 30-12-2025 | K10: =INDEX(D:D, MATCH(J10, $B:$B, 0)) -> 3.5 | L10: =INDEX(E:E, MATCH(J10, $B:$B, 0))*0.9 -> 0.02268 | M10: =INDEX(F:F, MATCH(J10, $B:$B, 0)) -> 0 | N10: =+IF(L10=0,M10*0.9,L10*0.9) -> 0.020412 | O10: =+IF(L10=0,"-","Dump") -> Dump | P10: =+K10/5.6 -> 0.625 | S10: 4 | U10: PYCH-48 | V10: 46036 | W10: 46036 | Y10: 29.16 | Z10: =+L61 -> 0.017346306 | AA10: =+M60 -> 0 | AB10: =+I4 -> CN001
B11: NIVEL 970 SELLO AM 4 24-12-2025 | C11: 1 | D11: 3.5 | E11: 0.012 | H11: 40 | I11: =IF(H11="", IFERROR(MATCH("**", B:B, 0), ""), IFERROR(MATCH("* "&H11&" *", B:B, 0), "") ) -> 47 | J11: {=INDIRECT("B" & I11)} -> NIVEL 1018 FRENTE AM 40 30-12-2025 | K11: =INDEX(D:D, MATCH(J11, $B:$B, 0)) -> 3.5 | L11: =INDEX(E:E, MATCH(J11, $B:$B, 0))*0.9 -> 0.0099 | M11: =INDEX(F:F, MATCH(J11, $B:$B, 0)) -> 0 | N11: =+IF(L11=0,M11*0.9,L11*0.9) -> 0.00891 | O11: =+IF(L11=0,"-","Dump") -> Dump | P11: =+K11/5.6 -> 0.625 | S11: 5 | U11: LCGZ-26 | V11: 46036 | W11: 46036 | Y11: 29.22 | Z11: =+L100 -> 0.019078788 | AA11: =+M99 -> 0 | AB11: =+I65 -> CN002
B12: NIVEL 970 SELLO AM 5 24-12-2025 | C12: 1 | D12: 3.5 | E12: 0.012 | H12: 41 | I12: =IF(H12="", IFERROR(MATCH("**", B:B, 0), ""), IFERROR(MATCH("* "&H12&" *", B:B, 0), "") ) -> 48 | J12: {=INDIRECT("B" & I12)} -> NIVEL 1018 FRENTE AM 41 30-12-2025 | K12: =INDEX(D:D, MATCH(J12, $B:$B, 0)) -> 3.5 | L12: =INDEX(E:E, MATCH(J12, $B:$B, 0))*0.9 -> 0.01368 | M12: =INDEX(F:F, MATCH(J12, $B:$B, 0)) -> 0 | N12: =+IF(L12=0,M12*0.9,L12*0.9) -> 0.012312 | O12: =+IF(L12=0,"-","Dump") -> Dump | P12: =+K12/5.6 -> 0.625 | S12: 6 | U12: RBWX-10 | V12: 46036 | W12: 46036 | Y12: 28.87 | Z12: =+L100 -> 0.019078788 | AA12: =+M99 -> 0 | AB12: =+I65 -> CN002
B13: NIVEL 970 SELLO AM 6 24-12-2025 | C13: 1 | D13: 3.5 | E13: 0.012 | H13: 42 | I13: =IF(H13="", IFERROR(MATCH("**", B:B, 0), ""), IFERROR(MATCH("* "&H13&" *", B:B, 0), "") ) -> 49 | J13: {=INDIRECT("B" & I13)} -> NIVEL 1018 FRENTE AM 42 30-12-2025 | K13: =INDEX(D:D, MATCH(J13, $B:$B, 0)) -> 3.5 | L13: =INDEX(E:E, MATCH(J13, $B:$B, 0))*0.9 -> 0.01701 | M13: =INDEX(F:F, MATCH(J13, $B:$B, 0)) -> 0 | N13: =+IF(L13=0,M13*0.9,L13*0.9) -> 0.015309 | O13: =+IF(L13=0,"-","Dump") -> Dump | P13: =+K13/5.6 -> 0.625 | S13: 7
B14: NIVEL 970 SELLO AM 7 26-12-2025 | C14: 1 | D14: 3.5 | E14: 0.0163 | H14: 53 | I14: =IF(H14="", IFERROR(MATCH("**", B:B, 0), ""), IFERROR(MATCH("* "&H14&" *", B:B, 0), "") ) -> 60 | J14: {=INDIRECT("B" & I14)} -> NIVEL 1018 FRENTE AM 53 30-12-2025 | K14: =INDEX(D:D, MATCH(J14, $B:$B, 0)) -> 3.5 | L14: =INDEX(E:E, MATCH(J14, $B:$B, 0))*0.9 -> 0.01062 | M14: =INDEX(F:F, MATCH(J14, $B:$B, 0)) -> 0 | N14: =+IF(L14=0,M14*0.9,L14*0.9) -> 0.009558 | O14: =+IF(L14=0,"-","Dump") -> Dump | P14: =+K14/5.6 -> 0.625 | S14: 8
B15: NIVEL 970 SELLO AM 8 26-12-2025 | C15: 1 | D15: 3.5 | E15: 0.0163 | H15: 54 | I15: =IF(H15="", IFERROR(MATCH("**", B:B, 0), ""), IFERROR(MATCH("* "&H15&" *", B:B, 0), "") ) -> 61 | J15: {=INDIRECT("B" & I15)} -> NIVEL 1018 FRENTE AM 54 30-12-2025 | K15: =INDEX(D:D, MATCH(J15, $B:$B, 0)) -> 3.5 | L15: =INDEX(E:E, MATCH(J15, $B:$B, 0))*0.9 -> 0.01269 | M15: =INDEX(F:F, MATCH(J15, $B:$B, 0)) -> 0 | N15: =+IF(L15=0,M15*0.9,L15*0.9) -> 0.011421 | O15: =+IF(L15=0,"-","Dump") -> Dump | P15: =+K15/5.6 -> 0.625 | S15: 9
B16: NIVEL 970 SELLO AM 9 26-12-2025 | C16: 1 | D16: 3.5 | E16: 0.0163 | H16: 55 | I16: =IF(H16="", IFERROR(MATCH("**", B:B, 0), ""), IFERROR(MATCH("* "&H16&" *", B:B, 0), "") ) -> 62 | J16: {=INDIRECT("B" & I16)} -> NIVEL 1018 FRENTE AM 55 30-12-2025 | K16: =INDEX(D:D, MATCH(J16, $B:$B, 0)) -> 3.5 | L16: =INDEX(E:E, MATCH(J16, $B:$B, 0))*0.9 -> 0.01359 | M16: =INDEX(F:F, MATCH(J16, $B:$B, 0)) -> 0 | N16: =+IF(L16=0,M16*0.9,L16*0.9) -> 0.012231 | O16: =+IF(L16=0,"-","Dump") -> Dump | P16: =+K16/5.6 -> 0.625 | S16: 10
B17: NIVEL 970 SELLO AM 10 26-12-2025 | C17: 1 | D17: 3.5 | E17: 0.0163 | H17: 56 | I17: =IF(H17="", IFERROR(MATCH("**", B:B, 0), ""), IFERROR(MATCH("* "&H17&" *", B:B, 0), "") ) -> 63 | J17: {=INDIRECT("B" & I17)} -> NIVEL 1018 FRENTE AM 56 30-12-2025 | K17: =INDEX(D:D, MATCH(J17, $B:$B, 0)) -> 3.5 | L17: =INDEX(E:E, MATCH(J17, $B:$B, 0))*0.9 -> 0.01062 | M17: =INDEX(F:F, MATCH(J17, $B:$B, 0)) -> 0 | N17: =+IF(L17=0,M17*0.9,L17*0.9) -> 0.009558 | O17: =+IF(L17=0,"-","Dump") -> Dump | P17: =+K17/5.6 -> 0.625 | S17: 11
B18: NIVEL 970 SELLO AM 11 26-12-2025 | C18: 1 | D18: 3.5 | E18: 0.0163 | H18: 57 | I18: =IF(H18="", IFERROR(MATCH("**", B:B, 0), ""), IFERROR(MATCH("* "&H18&" *", B:B, 0), "") ) -> 64 | J18: {=INDIRECT("B" & I18)} -> NIVEL 1018 FRENTE AM 57 30-12-2025 | K18: =INDEX(D:D, MATCH(J18, $B:$B, 0)) -> 3.5 | L18: =INDEX(E:E, MATCH(J18, $B:$B, 0))*0.9 -> 0.0072 | M18: =INDEX(F:F, MATCH(J18, $B:$B, 0)) -> 0 | N18: =+IF(L18=0,M18*0.9,L18*0.9) -> 0.00648 | O18: =+IF(L18=0,"-","Dump") -> Dump | P18: =+K18/5.6 -> 0.625 | Y18: =SUM(Y7:Y17) -> 172.7 | Z18: =+SUMPRODUCT(Y7:Y17,Z7:Z17)/Y18 -> 0.01792905 | AA18: =+SUMPRODUCT(Y7:Y17,AA7:AA17)/Y18 -> 0 | AC18: 0
B19: NIVEL 970 SELLO AM 12 26-12-2025 | C19: 1 | D19: 3.5 | E19: 0.0163 | H19: 58 | I19: =IF(H19="", IFERROR(MATCH("**", B:B, 0), ""), IFERROR(MATCH("* "&H19&" *", B:B, 0), "") ) -> 65 | J19: {=INDIRECT("B" & I19)} -> NIVEL 1018 FRENTE AM 58 30-12-2025 | K19: =INDEX(D:D, MATCH(J19, $B:$B, 0)) -> 3.5 | L19: =INDEX(E:E, MATCH(J19, $B:$B, 0))*0.9 -> 0.01143 | M19: =INDEX(F:F, MATCH(J19, $B:$B, 0)) -> 0 | N19: =+IF(L19=0,M19*0.9,L19*0.9) -> 0.010287 | O19: =+IF(L19=0,"-","Dump") -> Dump | P19: =+K19/5.6 -> 0.625
B20: NIVEL 1018 REC AM 13 27-12-2025 | C20: 1 | D20: 3.5 | E20: 0.02 | H20: 59 | I20: =IF(H20="", IFERROR(MATCH("**", B:B, 0), ""), IFERROR(MATCH("* "&H20&" *", B:B, 0), "") ) -> 66 | J20: {=INDIRECT("B" & I20)} -> NIVEL 1018 FRENTE AM 59 30-12-2025 | K20: =INDEX(D:D, MATCH(J20, $B:$B, 0)) -> 3.5 | L20: =INDEX(E:E, MATCH(J20, $B:$B, 0))*0.9 -> 0.01404 | M20: =INDEX(F:F, MATCH(J20, $B:$B, 0)) -> 0 | N20: =+IF(L20=0,M20*0.9,L20*0.9) -> 0.012636 | O20: =+IF(L20=0,"-","Dump") -> Dump | P20: =+K20/5.6 -> 0.625 | R20: N°Lote | S20: Camionada | T20: Ticket | U20: Patente | V20: Fecha Despacho | W20: Fecha Recepción | X20: Hora | Y20: Peso | Z20: Ley mezcla | AA20: Ley Visual | AB20: Origen | AC20: Ley Lab Camion | AD20: Diferencia | AE20: % Error
B21: NIVEL 1018 REC AM 14 27-12-2025 | C21: 1 | D21: 3.5 | E21: 0.02 | H21: 80 | I21: =IF(H21="", IFERROR(MATCH("**", B:B, 0), ""), IFERROR(MATCH("* "&H21&" *", B:B, 0), "") ) -> 87 | J21: {=INDIRECT("B" & I21)} -> NIVEL 1018 FRENTE AM 80 31-12-2025 | K21: =INDEX(D:D, MATCH(J21, $B:$B, 0)) -> 3.5 | L21: =INDEX(E:E, MATCH(J21, $B:$B, 0))*0.9 -> 0.01935 | M21: =INDEX(F:F, MATCH(J21, $B:$B, 0)) -> 0 | N21: =+IF(L21=0,M21*0.9,L21*0.9) -> 0.017415 | O21: =+IF(L21=0,"-","Dump") -> Dump | P21: =+K21/5.6 -> 0.625 | R21: CN002 | S21: 1 | U21: PYCH-48 | V21: 46036 | W21: 46036 | Y21: 28.88 | Z21: =+L100 -> 0.019078788 | AA21: =+M99 -> 0 | AB21: =+I65 -> CN002 | AD21: =+AC32-Z32 -> -0.019528269 | AE21: =+(AC32-Z32)/Z32 -> -1
B22: NIVEL 1018 REC AM 15 27-12-2025 | C22: 1 | D22: 3.5 | E22: 0.02 | H22: 81 | I22: =IF(H22="", IFERROR(MATCH("**", B:B, 0), ""), IFERROR(MATCH("* "&H22&" *", B:B, 0), "") ) -> 88 | J22: {=INDIRECT("B" & I22)} -> NIVEL 1018 FRENTE AM 81 31-12-2025 | K22: =INDEX(D:D, MATCH(J22, $B:$B, 0)) -> 3.5 | L22: =INDEX(E:E, MATCH(J22, $B:$B, 0))*0.9 -> 0.01611 | M22: =INDEX(F:F, MATCH(J22, $B:$B, 0)) -> 0 | N22: =+IF(L22=0,M22*0.9,L22*0.9) -> 0.014499 | O22: =+IF(L22=0,"-","Dump") -> Dump | P22: =+K22/5.6 -> 0.625 | R22: 3H COPPER EL SAUCE 1 AL 5 | S22: 2 | U22: LCGZ-26 | V22: 46036 | W22: 46036 | Y22: 29.71 | Z22: =+L100 -> 0.019078788 | AA22: =+M99 -> 0 | AB22: =+I65 -> CN002
B23: NIVEL 1018 REC AM 16 27-12-2025 | C23: 1 | D23: 3.5 | E23: 0.02 | H23: 82 | I23: =IF(H23="", IFERROR(MATCH("**", B:B, 0), ""), IFERROR(MATCH("* "&H23&" *", B:B, 0), "") ) -> 89 | J23: {=INDIRECT("B" & I23)} -> NIVEL 1018 FRENTE AM 82 31-12-2025 | K23: =INDEX(D:D, MATCH(J23, $B:$B, 0)) -> 3.5 | L23: =INDEX(E:E, MATCH(J23, $B:$B, 0))*0.9 -> 0.01107 | M23: =INDEX(F:F, MATCH(J23, $B:$B, 0)) -> 0 | N23: =+IF(L23=0,M23*0.9,L23*0.9) -> 0.009963 | O23: =+IF(L23=0,"-","Dump") -> Dump | P23: =+K23/5.6 -> 0.625 | S23: 3 | U23: PYCH-48 | V23: 46037 | W23: 46037 | Y23: 29.52 | Z23: =+L135 -> 0.019745161 | AA23: =+M134 -> 0 | AB23: =+I102 -> CN003
B24: NIVEL 1018 REC AM 17 27-12-2025 | C24: 1 | D24: 3.5 | E24: 0.02 | H24: 83 | I24: =IF(H24="", IFERROR(MATCH("**", B:B, 0), ""), IFERROR(MATCH("* "&H24&" *", B:B, 0), "") ) -> 90 | J24: {=INDIRECT("B" & I24)} -> NIVEL 1018 FRENTE AM 83 31-12-2025 | K24: =INDEX(D:D, MATCH(J24, $B:$B, 0)) -> 3.5 | L24: =INDEX(E:E, MATCH(J24, $B:$B, 0))*0.9 -> 0.01485 | M24: =INDEX(F:F, MATCH(J24, $B:$B, 0)) -> 0 | N24: =+IF(L24=0,M24*0.9,L24*0.9) -> 0.013365 | O24: =+IF(L24=0,"-","Dump") -> Dump | P24: =+K24/5.6 -> 0.625 | S24: 4 | U24: PYCH-48 | V24: 46037 | W24: 46037 | Y24: 30.1 | Z24: =+L135 -> 0.019745161 | AA24: =+M134 -> 0 | AB24: =+I102 -> CN003
B25: NIVEL 1018 REC AM 18 27-12-2025 | C25: 1 | D25: 3.5 | E25: 0.02 | H25: 89 | I25: =IF(H25="", IFERROR(MATCH("**", B:B, 0), ""), IFERROR(MATCH("* "&H25&" *", B:B, 0), "") ) -> 96 | J25: {=INDIRECT("B" & I25)} -> NIVEL 789 REC AM 89 31-12-2025 | K25: =INDEX(D:D, MATCH(J25, $B:$B, 0)) -> 3.5 | L25: =INDEX(E:E, MATCH(J25, $B:$B, 0))*0.9 -> 0.02178 | M25: =INDEX(F:F, MATCH(J25, $B:$B, 0)) -> 0 | N25: =+IF(L25=0,M25*0.9,L25*0.9) -> 0.019602 | O25: =+IF(L25=0,"-","Dump") -> Dump | P25: =+K25/5.6 -> 0.625 | S25: 5 | U25: LCGZ-26 | V25: 46038 | W25: 46038 | Y25: 31.8 | Z25: =+L135 -> 0.019745161 | AA25: =+M134 -> 0 | AB25: =+I102 -> CN003
B26: NIVEL 1018 REC AM 19 27-12-2025 | C26: 1 | D26: 3.5 | E26: 0.02 | H26: 90 | I26: =IF(H26="", IFERROR(MATCH("**", B:B, 0), ""), IFERROR(MATCH("* "&H26&" *", B:B, 0), "") ) -> 97 | J26: {=INDIRECT("B" & I26)} -> NIVEL 789 REC AM 90 31-12-2025 | K26: =INDEX(D:D, MATCH(J26, $B:$B, 0)) -> 3.5 | L26: =INDEX(E:E, MATCH(J26, $B:$B, 0))*0.9 -> 0.01035 | M26: =INDEX(F:F, MATCH(J26, $B:$B, 0)) -> 0 | N26: =+IF(L26=0,M26*0.9,L26*0.9) -> 0.009315 | O26: =+IF(L26=0,"-","Dump") -> Dump | P26: =+K26/5.6 -> 0.625 | S26: 6 | U26: PYCH-48 | V26: 46038 | W26: 46038 | Y26: 30 | Z26: =+L135 -> 0.019745161 | AA26: =+M134 -> 0 | AB26: =+I102 -> CN003
B27: NIVEL 1018 REC AM 20 27-12-2025 | C27: 1 | D27: 3.5 | E27: 0.02 | H27: 91 | I27: =IF(H27="", IFERROR(MATCH("**", B:B, 0), ""), IFERROR(MATCH("* "&H27&" *", B:B, 0), "") ) -> 98 | J27: {=INDIRECT("B" & I27)} -> NIVEL 789 REC AM 91 31-12-2025 | K27: =INDEX(D:D, MATCH(J27, $B:$B, 0)) -> 3.5 | L27: =INDEX(E:E, MATCH(J27, $B:$B, 0))*0.9 -> 0.01449 | M27: =INDEX(F:F, MATCH(J27, $B:$B, 0)) -> 0 | N27: =+IF(L27=0,M27*0.9,L27*0.9) -> 0.013041 | O27: =+IF(L27=0,"-","Dump") -> Dump | P27: =+K27/5.6 -> 0.625 | S27: 7
B28: NIVEL 1018 REC AM 21 27-12-2025 | C28: 1 | D28: 3.5 | E28: 0.02 | H28: 92 | I28: =IF(H28="", IFERROR(MATCH("**", B:B, 0), ""), IFERROR(MATCH("* "&H28&" *", B:B, 0), "") ) -> 99 | J28: {=INDIRECT("B" & I28)} -> NIVEL 789 REC AM 92 31-12-2025 | K28: =INDEX(D:D, MATCH(J28, $B:$B, 0)) -> 3.5 | L28: =INDEX(E:E, MATCH(J28, $B:$B, 0))*0.9 -> 0.01188 | M28: =INDEX(F:F, MATCH(J28, $B:$B, 0)) -> 0 | N28: =+IF(L28=0,M28*0.9,L28*0.9) -> 0.010692 | O28: =+IF(L28=0,"-","Dump") -> Dump | P28: =+K28/5.6 -> 0.625 | S28: 8
B29: NIVEL 1018 REC AM 22 27-12-2025 | C29: 1 | D29: 3.5 | E29: 0.02 | H29: 93 | I29: =IF(H29="", IFERROR(MATCH("**", B:B, 0), ""), IFERROR(MATCH("* "&H29&" *", B:B, 0), "") ) -> 100 | J29: {=INDIRECT("B" & I29)} -> NIVEL 789 REC AM 93 31-12-2025 | K29: =INDEX(D:D, MATCH(J29, $B:$B, 0)) -> 3.5 | L29: =INDEX(E:E, MATCH(J29, $B:$B, 0))*0.9 -> 0.02151 | M29: =INDEX(F:F, MATCH(J29, $B:$B, 0)) -> 0 | N29: =+IF(L29=0,M29*0.9,L29*0.9) -> 0.019359 | O29: =+IF(L29=0,"-","Dump") -> Dump | P29: =+K29/5.6 -> 0.625 | S29: 9
B30: NIVEL 1018 REC AM 23 27-12-2025 | C30: 1 | D30: 3.5 | E30: 0.02 | H30: 94 | I30: =IF(H30="", IFERROR(MATCH("**", B:B, 0), ""), IFERROR(MATCH("* "&H30&" *", B:B, 0), "") ) -> 101 | J30: {=INDIRECT("B" & I30)} -> NIVEL 789 REC AM 94 31-12-2025 | K30: =INDEX(D:D, MATCH(J30, $B:$B, 0)) -> 3.5 | L30: =INDEX(E:E, MATCH(J30, $B:$B, 0))*0.9 -> 0.01494 | M30: =INDEX(F:F, MATCH(J30, $B:$B, 0)) -> 0 | N30: =+IF(L30=0,M30*0.9,L30*0.9) -> 0.013446 | O30: =+IF(L30=0,"-","Dump") -> Dump | P30: =+K30/5.6 -> 0.625 | S30: 10
B31: NIVEL 1018 REC AM 24 27-12-2025 | C31: 1 | D31: 3.5 | E31: 0.02 | H31: 95 | I31: =IF(H31="", IFERROR(MATCH("**", B:B, 0), ""), IFERROR(MATCH("* "&H31&" *", B:B, 0), "") ) -> 102 | J31: {=INDIRECT("B" & I31)} -> NIVEL 789 REC AM 95 31-12-2025 | K31: =INDEX(D:D, MATCH(J31, $B:$B, 0)) -> 3.5 | L31: =INDEX(E:E, MATCH(J31, $B:$B, 0))*0.9 -> 0.01044 | M31: =INDEX(F:F, MATCH(J31, $B:$B, 0)) -> 0 | N31: =+IF(L31=0,M31*0.9,L31*0.9) -> 0.009396 | O31: =+IF(L31=0,"-","Dump") -> Dump | P31: =+K31/5.6 -> 0.625 | S31: 11
B32: NIVEL 1018 REC AM 25 27-12-2025 | C32: 1 | D32: 3.5 | E32: 0.02 | H32: 96 | I32: =IF(H32="", IFERROR(MATCH("**", B:B, 0), ""), IFERROR(MATCH("* "&H32&" *", B:B, 0), "") ) -> 103 | J32: {=INDIRECT("B" & I32)} -> NIVEL 789 REC AM 96 31-12-2025 | K32: =INDEX(D:D, MATCH(J32, $B:$B, 0)) -> 3.5 | L32: =INDEX(E:E, MATCH(J32, $B:$B, 0))*0.9 -> 0.01377 | M32: =INDEX(F:F, MATCH(J32, $B:$B, 0)) -> 0 | N32: =+IF(L32=0,M32*0.9,L32*0.9) -> 0.012393 | O32: =+IF(L32=0,"-","Dump") -> Dump | P32: =+K32/5.6 -> 0.625 | Y32: =SUM(Y21:Y31) -> 180.01 | Z32: =+SUMPRODUCT(Y21:Y31,Z21:Z31)/Y32 -> 0.019528269 | AA32: =+SUMPRODUCT(Y21:Y31,AA21:AA31)/Y32 -> 0 | AC32: 0
B33: NIVEL 1018 REC AM 26 27-12-2025 | C33: 1 | D33: 3.5 | E33: 0.02 | H33: 97 | I33: =IF(H33="", IFERROR(MATCH("**", B:B, 0), ""), IFERROR(MATCH("* "&H33&" *", B:B, 0), "") ) -> 104 | J33: {=INDIRECT("B" & I33)} -> NIVEL 789 REC AM 97 31-12-2025 | K33: =INDEX(D:D, MATCH(J33, $B:$B, 0)) -> 3.5 | L33: =INDEX(E:E, MATCH(J33, $B:$B, 0))*0.9 -> 0.01485 | M33: =INDEX(F:F, MATCH(J33, $B:$B, 0)) -> 0 | N33: =+IF(L33=0,M33*0.9,L33*0.9) -> 0.013365 | O33: =+IF(L33=0,"-","Dump") -> Dump | P33: =+K33/5.6 -> 0.625
B34: NIVEL 1018 REC AM 27 27-12-2025 | C34: 1 | D34: 3.5 | E34: 0.02 | H34: 98 | I34: =IF(H34="", IFERROR(MATCH("**", B:B, 0), ""), IFERROR(MATCH("* "&H34&" *", B:B, 0), "") ) -> 105 | J34: {=INDIRECT("B" & I34)} -> NIVEL 1018 FRENTE PM 98 05-01-2026 | K34: =INDEX(D:D, MATCH(J34, $B:$B, 0)) -> 3.5 | L34: =INDEX(E:E, MATCH(J34, $B:$B, 0))*0.9 -> 0.009 | M34: =INDEX(F:F, MATCH(J34, $B:$B, 0)) -> 0 | N34: =+IF(L34=0,M34*0.9,L34*0.9) -> 0.0081 | O34: =+IF(L34=0,"-","Dump") -> Dump | P34: =+K34/5.6 -> 0.625 | R34: N°Lote | S34: Camionada | T34: Ticket | U34: Patente | V34: Fecha Despacho | W34: Fecha Recepción | X34: Hora | Y34: Peso | Z34: Ley mezcla | AA34: Ley Visual | AB34: Origen | AC34: Ley Lab Camion | AD34: Diferencia | AE34: % Error
B35: NIVEL 970 SELLO AM 28 27-12-2025 | C35: 1 | D35: 3.5 | E35: 0.0164 | H35: 99 | I35: =IF(H35="", IFERROR(MATCH("**", B:B, 0), ""), IFERROR(MATCH("* "&H35&" *", B:B, 0), "") ) -> 106 | J35: {=INDIRECT("B" & I35)} -> NIVEL 1018 FRENTE PM 99 05-01-2026 | K35: =INDEX(D:D, MATCH(J35, $B:$B, 0)) -> 3.5 | L35: =INDEX(E:E, MATCH(J35, $B:$B, 0))*0.9 -> 0.009 | M35: =INDEX(F:F, MATCH(J35, $B:$B, 0)) -> 0 | N35: =+IF(L35=0,M35*0.9,L35*0.9) -> 0.0081 | O35: =+IF(L35=0,"-","Dump") -> Dump | P35: =+K35/5.6 -> 0.625 | R35: CN003 | S35: 1 | U35: PYCH-48 | V35: 46041 | W35: 46041 | Y35: 30 | Z35: =+L156 -> 0.019558824 | AA35: =+M155 -> 0 | AB35: =+I137 -> CN004 | AD35: =+AC46-Z46 -> -0.01779752 | AE35: =+(AC46-Z46)/Z46 -> -1
B36: NIVEL 970 SELLO AM 29 27-12-2025 | C36: 1 | D36: 3.5 | E36: 0.0164 | H36: 100 | I36: =IF(H36="", IFERROR(MATCH("**", B:B, 0), ""), IFERROR(MATCH("* "&H36&" *", B:B, 0), "") ) -> 107 | J36: {=INDIRECT("B" & I36)} -> NIVEL 1018 FRENTE PM 100 05-01-2026 | K36: =INDEX(D:D, MATCH(J36, $B:$B, 0)) -> 3.5 | L36: =INDEX(E:E, MATCH(J36, $B:$B, 0))*0.9 -> 0.01773 | M36: =INDEX(F:F, MATCH(J36, $B:$B, 0)) -> 0 | N36: =+IF(L36=0,M36*0.9,L36*0.9) -> 0.015957 | O36: =+IF(L36=0,"-","Dump") -> Dump | P36: =+K36/5.6 -> 0.625 | R36: 3H COPPER EL SAUCE 1 AL 5 | S36: 2 | U36: RBWX-10 | V36: 46041 | W36: 46041 | Y36: 25.1 | Z36: =+L156 -> 0.019558824 | AA36: =+M155 -> 0 | AB36: =+I137 -> CN004
B37: NIVEL 970 SELLO AM 30 27-12-2025 | C37: 1 | D37: 3.5 | E37: 0.0164 | H37: 101 | I37: =IF(H37="", IFERROR(MATCH("**", B:B, 0), ""), IFERROR(MATCH("* "&H37&" *", B:B, 0), "") ) -> 108 | J37: {=INDIRECT("B" & I37)} -> NIVEL 1018 FRENTE PM 101 05-01-2026 | K37: =INDEX(D:D, MATCH(J37, $B:$B, 0)) -> 3.5 | L37: =INDEX(E:E, MATCH(J37, $B:$B, 0))*0.9 -> 0.01638 | M37: =INDEX(F:F, MATCH(J37, $B:$B, 0)) -> 0 | N37: =+IF(L37=0,M37*0.9,L37*0.9) -> 0.014742 | O37: =+IF(L37=0,"-","Dump") -> Dump | P37: =+K37/5.6 -> 0.625 | S37: 3 | U37: LCGZ-26 | V37: 46041 | W37: 46042 | Y37: 28.98 | Z37: =+L208 -> 0.016152083 | AA37: =+M207 -> 0 | AB37: =+I158 -> CN005
B38: NIVEL 970 SELLO AM 31 27-12-2025 | C38: 1 | D38: 3.5 | E38: 0.0164 | H38: 102 | I38: =IF(H38="", IFERROR(MATCH("**", B:B, 0), ""), IFERROR(MATCH("* "&H38&" *", B:B, 0), "") ) -> 109 | J38: {=INDIRECT("B" & I38)} -> NIVEL 1018 FRENTE PM 102 05-01-2026 | K38: =INDEX(D:D, MATCH(J38, $B:$B, 0)) -> 3.5 | L38: =INDEX(E:E, MATCH(J38, $B:$B, 0))*0.9 -> 0.01062 | M38: =INDEX(F:F, MATCH(J38, $B:$B, 0)) -> 0 | N38: =+IF(L38=0,M38*0.9,L38*0.9) -> 0.009558 | O38: =+IF(L38=0,"-","Dump") -> Dump | P38: =+K38/5.6 -> 0.625 | S38: 4 | U38: PYCH-48 | V38: 46041 | W38: 46042 | Y38: 30 | Z38: =+L208 -> 0.016152083 | AA38: =+M207 -> 0 | AB38: =+I158 -> CN005
B39: NIVEL 970 SELLO AM 32 27-12-2025 | C39: 1 | D39: 3.5 | E39: 0.0164 | H39: 103 | I39: =IF(H39="", IFERROR(MATCH("**", B:B, 0), ""), IFERROR(MATCH("* "&H39&" *", B:B, 0), "") ) -> 110 | J39: {=INDIRECT("B" & I39)} -> NIVEL 1018 FRENTE AM 103 06-01-2026 | K39: =INDEX(D:D, MATCH(J39, $B:$B, 0)) -> 3.5 | L39: =INDEX(E:E, MATCH(J39, $B:$B, 0))*0.9 -> 0.01962 | M39: =INDEX(F:F, MATCH(J39, $B:$B, 0)) -> 0 | N39: =+IF(L39=0,M39*0.9,L39*0.9) -> 0.017658 | O39: =+IF(L39=0,"-","Dump") -> Dump | P39: =+K39/5.6 -> 0.625 | S39: 5
B40: NIVEL 970 SELLO AM 33 27-12-2025 | C40: 1 | D40: 3.5 | E40: 0.0164 | H40: 104 | I40: =IF(H40="", IFERROR(MATCH("**", B:B, 0), ""), IFERROR(MATCH("* "&H40&" *", B:B, 0), "") ) -> 111 | J40: {=INDIRECT("B" & I40)} -> NIVEL 1018 FRENTE AM 104 06-01-2026 | K40: =INDEX(D:D, MATCH(J40, $B:$B, 0)) -> 3.5 | L40: =INDEX(E:E, MATCH(J40, $B:$B, 0))*0.9 -> 0.02682 | M40: =INDEX(F:F, MATCH(J40, $B:$B, 0)) -> 0 | N40: =+IF(L40=0,M40*0.9,L40*0.9) -> 0.024138 | O40: =+IF(L40=0,"-","Dump") -> Dump | P40: =+K40/5.6 -> 0.625 | S40: 6
B41: NIVEL 789 REC PM 34 29-12-2025 | C41: 1 | D41: 3.4 | E41: 0.0276 | H41: 105 | I41: =IF(H41="", IFERROR(MATCH("**", B:B, 0), ""), IFERROR(MATCH("* "&H41&" *", B:B, 0), "") ) -> 112 | J41: {=INDIRECT("B" & I41)} -> NIVEL 1018 FRENTE AM 105 06-01-2026 | K41: =INDEX(D:D, MATCH(J41, $B:$B, 0)) -> 3.5 | L41: =INDEX(E:E, MATCH(J41, $B:$B, 0))*0.9 -> 0.01836 | M41: =INDEX(F:F, MATCH(J41, $B:$B, 0)) -> 0 | N41: =+IF(L41=0,M41*0.9,L41*0.9) -> 0.016524 | O41: =+IF(L41=0,"-","Dump") -> Dump | P41: =+K41/5.6 -> 0.625 | S41: 7
B42: NIVEL 789 REC PM 35 29-12-2025 | C42: 1 | D42: 3.4 | E42: 0.0205 | H42: 106 | I42: =IF(H42="", IFERROR(MATCH("**", B:B, 0), ""), IFERROR(MATCH("* "&H42&" *", B:B, 0), "") ) -> 113 | J42: {=INDIRECT("B" & I42)} -> NIVEL 1018 FRENTE AM 106 06-01-2026 | K42: =INDEX(D:D, MATCH(J42, $B:$B, 0)) -> 3.5 | L42: =INDEX(E:E, MATCH(J42, $B:$B, 0))*0.9 -> 0.01881 | M42: =INDEX(F:F, MATCH(J42, $B:$B, 0)) -> 0 | N42: =+IF(L42=0,M42*0.9,L42*0.9) -> 0.016929 | O42: =+IF(L42=0,"-","Dump") -> Dump | P42: =+K42/5.6 -> 0.625 | S42: 8
B43: NIVEL 789 REC PM 36 29-12-2025 | C43: 1 | D43: 3.4 | E43: 0.0198 | H43: 107 | I43: =IF(H43="", IFERROR(MATCH("**", B:B, 0), ""), IFERROR(MATCH("* "&H43&" *", B:B, 0), "") ) -> 114 | J43: {=INDIRECT("B" & I43)} -> NIVEL 1018 FRENTE AM 107 06-01-2026 | K43: =INDEX(D:D, MATCH(J43, $B:$B, 0)) -> 3.5 | L43: =INDEX(E:E, MATCH(J43, $B:$B, 0))*0.9 -> 0.01404 | M43: =INDEX(F:F, MATCH(J43, $B:$B, 0)) -> 0 | N43: =+IF(L43=0,M43*0.9,L43*0.9) -> 0.012636 | O43: =+IF(L43=0,"-","Dump") -> Dump | P43: =+K43/5.6 -> 0.625 | S43: 9
B44: NIVEL 1018 FRENTE AM 37 30-12-2025 | C44: 1 | D44: 3.5 | E44: 0.0229 | H44: 108 | I44: =IF(H44="", IFERROR(MATCH("**", B:B, 0), ""), IFERROR(MATCH("* "&H44&" *", B:B, 0), "") ) -> 115 | J44: {=INDIRECT("B" & I44)} -> NIVEL 1018 FRENTE AM 108 07-01-2026 | K44: =INDEX(D:D, MATCH(J44, $B:$B, 0)) -> 3.5 | L44: =INDEX(E:E, MATCH(J44, $B:$B, 0))*0.9 -> 0.01521 | M44: =INDEX(F:F, MATCH(J44, $B:$B, 0)) -> 0 | N44: =+IF(L44=0,M44*0.9,L44*0.9) -> 0.013689 | O44: =+IF(L44=0,"-","Dump") -> Dump | P44: =+K44/5.6 -> 0.625 | S44: 10
B45: NIVEL 1018 FRENTE AM 38 30-12-2025 | C45: 1 | D45: 3.5 | E45: 0.0145 | H45: 109 | I45: =IF(H45="", IFERROR(MATCH("**", B:B, 0), ""), IFERROR(MATCH("* "&H45&" *", B:B, 0), "") ) -> 116 | J45: {=INDIRECT("B" & I45)} -> NIVEL 1018 FRENTE AM 109 07-01-2026 | K45: =INDEX(D:D, MATCH(J45, $B:$B, 0)) -> 3.5 | L45: =INDEX(E:E, MATCH(J45, $B:$B, 0))*0.9 -> 0.01764 | M45: =INDEX(F:F, MATCH(J45, $B:$B, 0)) -> 0 | N45: =+IF(L45=0,M45*0.9,L45*0.9) -> 0.015876 | O45: =+IF(L45=0,"-","Dump") -> Dump | P45: =+K45/5.6 -> 0.625 | S45: 11
B46: NIVEL 1018 FRENTE AM 39 30-12-2025 | C46: 1 | D46: 3.5 | E46: 0.0252 | H46: 110 | I46: =IF(H46="", IFERROR(MATCH("**", B:B, 0), ""), IFERROR(MATCH("* "&H46&" *", B:B, 0), "") ) -> 117 | J46: {=INDIRECT("B" & I46)} -> NIVEL 1018 FRENTE AM 110 07-01-2026 | K46: =INDEX(D:D, MATCH(J46, $B:$B, 0)) -> 3.5 | L46: =INDEX(E:E, MATCH(J46, $B:$B, 0))*0.9 -> 0.00801 | M46: =INDEX(F:F, MATCH(J46, $B:$B, 0)) -> 0 | N46: =+IF(L46=0,M46*0.9,L46*0.9) -> 0.007209 | O46: =+IF(L46=0,"-","Dump") -> Dump | P46: =+K46/5.6 -> 0.625 | Y46: =SUM(Y35:Y45) -> 114.08 | Z46: =+SUMPRODUCT(Y35:Y45,Z35:Z45)/Y46 -> 0.01779752 | AA46: =+SUMPRODUCT(Y35:Y45,AA35:AA45)/Y46 -> 0 | AC46: 0
B47: NIVEL 1018 FRENTE AM 40 30-12-2025 | C47: 1 | D47: 3.5 | E47: 0.011 | H47: 111 | I47: =IF(H47="", IFERROR(MATCH("**", B:B, 0), ""), IFERROR(MATCH("* "&H47&" *", B:B, 0), "") ) -> 118 | J47: {=INDIRECT("B" & I47)} -> NIVEL 1018 FRENTE AM 111 08-01-2026 | K47: =INDEX(D:D, MATCH(J47, $B:$B, 0)) -> 3.5 | L47: =INDEX(E:E, MATCH(J47, $B:$B, 0))*0.9 -> 0.00837 | M47: =INDEX(F:F, MATCH(J47, $B:$B, 0)) -> 0 | N47: =+IF(L47=0,M47*0.9,L47*0.9) -> 0.007533 | O47: =+IF(L47=0,"-","Dump") -> Dump | P47: =+K47/5.6 -> 0.625
B48: NIVEL 1018 FRENTE AM 41 30-12-2025 | C48: 1 | D48: 3.5 | E48: 0.0152 | H48: 112 | I48: =IF(H48="", IFERROR(MATCH("**", B:B, 0), ""), IFERROR(MATCH("* "&H48&" *", B:B, 0), "") ) -> 119 | J48: {=INDIRECT("B" & I48)} -> NIVEL 1018 FRENTE AM 112 08-01-2026 | K48: =INDEX(D:D, MATCH(J48, $B:$B, 0)) -> 3.5 | L48: =INDEX(E:E, MATCH(J48, $B:$B, 0))*0.9 -> 0.01107 | M48: =INDEX(F:F, MATCH(J48, $B:$B, 0)) -> 0 | N48: =+IF(L48=0,M48*0.9,L48*0.9) -> 0.009963 | O48: =+IF(L48=0,"-","Dump") -> Dump | P48: =+K48/5.6 -> 0.625
B49: NIVEL 1018 FRENTE AM 42 30-12-2025 | C49: 1 | D49: 3.5 | E49: 0.0189 | H49: 113 | I49: =IF(H49="", IFERROR(MATCH("**", B:B, 0), ""), IFERROR(MATCH("* "&H49&" *", B:B, 0), "") ) -> 120 | J49: {=INDIRECT("B" & I49)} -> NIVEL 1018 FRENTE AM 113 08-01-2026 | K49: =INDEX(D:D, MATCH(J49, $B:$B, 0)) -> 3.5 | L49: =INDEX(E:E, MATCH(J49, $B:$B, 0))*0.9 -> 0.01647 | M49: =INDEX(F:F, MATCH(J49, $B:$B, 0)) -> 0 | N49: =+IF(L49=0,M49*0.9,L49*0.9) -> 0.014823 | O49: =+IF(L49=0,"-","Dump") -> Dump | P49: =+K49/5.6 -> 0.625
B50: NIVEL 970 SELLO AM 43 30-12-2025 | C50: 1 | D50: 3.5 | E50: 0.0134 | H50: 114 | I50: =IF(H50="", IFERROR(MATCH("**", B:B, 0), ""), IFERROR(MATCH("* "&H50&" *", B:B, 0), "") ) -> 121 | J50: {=INDIRECT("B" & I50)} -> NIVEL 1018 FRENTE AM 114 08-01-2026 | K50: =INDEX(D:D, MATCH(J50, $B:$B, 0)) -> 3.5 | L50: =INDEX(E:E, MATCH(J50, $B:$B, 0))*0.9 -> 0.01314 | M50: =INDEX(F:F, MATCH(J50, $B:$B, 0)) -> 0 | N50: =+IF(L50=0,M50*0.9,L50*0.9) -> 0.011826 | O50: =+IF(L50=0,"-","Dump") -> Dump | P50: =+K50/5.6 -> 0.625 | U50: =+R8 -> 3H COPPER EL SAUCE 1 AL 5 | V50: =Y18+Y32+Y46 -> 466.79 | W50: =+(Y18*Z18+Y32*Z32+Y46*Z46)/V50 -> 0.018513618 | X50: =+COUNTA(AB7:AB17,AB21:AB31,AB35:AB45) -> 16
B51: NIVEL 970 SELLO AM 44 30-12-2025 | C51: 1 | D51: 3.5 | E51: 0.0134 | H51: 121 | I51: =IF(H51="", IFERROR(MATCH("**", B:B, 0), ""), IFERROR(MATCH("* "&H51&" *", B:B, 0), "") ) -> 128 | J51: {=INDIRECT("B" & I51)} -> NIVEL 1018 FRENTE PM 121 08-01-2026 | K51: =INDEX(D:D, MATCH(J51, $B:$B, 0)) -> 3.5 | L51: =INDEX(E:E, MATCH(J51, $B:$B, 0))*0.9 -> 0.01962 | M51: =INDEX(F:F, MATCH(J51, $B:$B, 0)) -> 0 | N51: =+IF(L51=0,M51*0.9,L51*0.9) -> 0.017658 | O51: =+IF(L51=0,"-","Dump") -> Dump | P51: =+K51/5.6 -> 0.625
B52: NIVEL 970 SELLO AM 45 30-12-2025 | C52: 1 | D52: 3.5 | E52: 0.0134 | H52: 122 | I52: =IF(H52="", IFERROR(MATCH("**", B:B, 0), ""), IFERROR(MATCH("* "&H52&" *", B:B, 0), "") ) -> 129 | J52: {=INDIRECT("B" & I52)} -> NIVEL 1018 FRENTE PM 122 08-01-2026 | K52: =INDEX(D:D, MATCH(J52, $B:$B, 0)) -> 3.5 | L52: =INDEX(E:E, MATCH(J52, $B:$B, 0))*0.9 -> 0.01746 | M52: =INDEX(F:F, MATCH(J52, $B:$B, 0)) -> 0 | N52: =+IF(L52=0,M52*0.9,L52*0.9) -> 0.015714 | O52: =+IF(L52=0,"-","Dump") -> Dump | P52: =+K52/5.6 -> 0.625
B53: NIVEL 970 SELLO AM 46 30-12-2025 | C53: 1 | D53: 3.5 | E53: 0.0134 | H53: 123 | I53: =IF(H53="", IFERROR(MATCH("**", B:B, 0), ""), IFERROR(MATCH("* "&H53&" *", B:B, 0), "") ) -> 130 | J53: {=INDIRECT("B" & I53)} -> NIVEL 1018 FRENTE PM 123 08-01-2026 | K53: =INDEX(D:D, MATCH(J53, $B:$B, 0)) -> 3.5 | L53: =INDEX(E:E, MATCH(J53, $B:$B, 0))*0.9 -> 0.02331 | M53: =INDEX(F:F, MATCH(J53, $B:$B, 0)) -> 0 | N53: =+IF(L53=0,M53*0.9,L53*0.9) -> 0.020979 | O53: =+IF(L53=0,"-","Dump") -> Dump | P53: =+K53/5.6 -> 0.625
B54: NIVEL 970 SELLO AM 47 30-12-2025 | C54: 1 | D54: 3.5 | E54: 0.0134 | H54: 124 | I54: =IF(H54="", IFERROR(MATCH("**", B:B, 0), ""), IFERROR(MATCH("* "&H54&" *", B:B, 0), "") ) -> 131 | J54: {=INDIRECT("B" & I54)} -> NIVEL 1018 FRENTE PM 124 08-01-2026 | K54: =INDEX(D:D, MATCH(J54, $B:$B, 0)) -> 3.5 | L54: =INDEX(E:E, MATCH(J54, $B:$B, 0))*0.9 -> 0.01107 | M54: =INDEX(F:F, MATCH(J54, $B:$B, 0)) -> 0 | N54: =+IF(L54=0,M54*0.9,L54*0.9) -> 0.009963 | O54: =+IF(L54=0,"-","Dump") -> Dump | P54: =+K54/5.6 -> 0.625
B55: NIVEL 970 SELLO PM 48 30-12-2025 | C55: 1 | D55: 3.5 | E55: 0.0164 | H55: 125 | I55: =IF(H55="", IFERROR(MATCH("**", B:B, 0), ""), IFERROR(MATCH("* "&H55&" *", B:B, 0), "") ) -> 132 | J55: {=INDIRECT("B" & I55)} -> NIVEL 1018 FRENTE PM 125 08-01-2026 | K55: =INDEX(D:D, MATCH(J55, $B:$B, 0)) -> 3.5 | L55: =INDEX(E:E, MATCH(J55, $B:$B, 0))*0.9 -> 0.00999 | M55: =INDEX(F:F, MATCH(J55, $B:$B, 0)) -> 0 | N55: =+IF(L55=0,M55*0.9,L55*0.9) -> 0.008991 | O55: =+IF(L55=0,"-","Dump") -> Dump | P55: =+K55/5.6 -> 0.625 | R55: N°Lote | S55: Camionada | T55: Ticket | U55: Patente | V55: Fecha Despacho | W55: Fecha Recepción | X55: Hora | Y55: Peso | Z55: Ley mezcla | AA55: Ley Visual | AB55: Origen | AC55: Ley Lab Camion | AD55: Diferencia | AE55: % Error
B56: NIVEL 970 SELLO PM 49 30-12-2025 | C56: 1 | D56: 3.5 | E56: 0.0164 | H56: 126 | I56: =IF(H56="", IFERROR(MATCH("**", B:B, 0), ""), IFERROR(MATCH("* "&H56&" *", B:B, 0), "") ) -> 133 | J56: {=INDIRECT("B" & I56)} -> NIVEL 1005 AFLOR PM 126 08-01-2026 | K56: =INDEX(D:D, MATCH(J56, $B:$B, 0)) -> 3.5 | L56: =INDEX(E:E, MATCH(J56, $B:$B, 0))*0.9 -> 0.027 | M56: =INDEX(F:F, MATCH(J56, $B:$B, 0)) -> 0 | N56: =+IF(L56=0,M56*0.9,L56*0.9) -> 0.0243 | O56: =+IF(L56=0,"-","Dump") -> Dump | P56: =+K56/5.6 -> 0.625 | R56: CN004 | S56: 1 | U56: RBWX-10 | V56: 46042 | W56: 46042 | Y56: 27.26 | Z56: =+L208 -> 0.016152083 | AA56: =+M207 -> 0 | AB56: =+I158 -> CN005 | AD56: =+AC67-Z67 -> -0.016152083 | AE56: =+(AC67-Z67)/Z67 -> -1
B57: NIVEL 970 SELLO PM 50 30-12-2025 | C57: 1 | D57: 3.5 | E57: 0.0164 | H57: 127 | I57: =IF(H57="", IFERROR(MATCH("**", B:B, 0), ""), IFERROR(MATCH("* "&H57&" *", B:B, 0), "") ) -> 134 | J57: {=INDIRECT("B" & I57)} -> NIVEL 1005 AFLOR PM 127 08-01-2026 | K57: =INDEX(D:D, MATCH(J57, $B:$B, 0)) -> 3.5 | L57: =INDEX(E:E, MATCH(J57, $B:$B, 0))*0.9 -> 0.02412 | M57: =INDEX(F:F, MATCH(J57, $B:$B, 0)) -> 0 | N57: =+IF(L57=0,M57*0.9,L57*0.9) -> 0.021708 | O57: =+IF(L57=0,"-","Dump") -> Dump | P57: =+K57/5.6 -> 0.625 | R57: Minera la Cruz Vicente2 1 al 26 | S57: 2 | U57: PYCH-48 | V57: 46042 | W57: 46043 | Y57: 30 | Z57: =+L208 -> 0.016152083 | AA57: =+M207 -> 0 | AB57: =+I158 -> CN005
B58: NIVEL 970 SELLO PM 51 30-12-2025 | C58: 1 | D58: 3.5 | E58: 0.0164 | H58: 128 | I58: =IF(H58="", IFERROR(MATCH("**", B:B, 0), ""), IFERROR(MATCH("* "&H58&" *", B:B, 0), "") ) -> 135 | J58: {=INDIRECT("B" & I58)} -> NIVEL 1018 FRENTE AM 128 09-01-2026 | K58: =INDEX(D:D, MATCH(J58, $B:$B, 0)) -> 3.5 | L58: =INDEX(E:E, MATCH(J58, $B:$B, 0))*0.9 -> 0.01908 | M58: =INDEX(F:F, MATCH(J58, $B:$B, 0)) -> 0 | N58: =+IF(L58=0,M58*0.9,L58*0.9) -> 0.017172 | O58: =+IF(L58=0,"-","Dump") -> Dump | P58: =+K58/5.6 -> 0.625 | S58: 3 | U58: RBWX-10 | V58: 46042 | W58: 46043 | Y58: 25.99 | Z58: =+L208 -> 0.016152083 | AA58: =+M207 -> 0 | AB58: =+I158 -> CN005
B59: NIVEL 970 SELLO PM 52 30-12-2025 | C59: 1 | D59: 3.5 | E59: 0.0164 | H59: 129 | I59: =IF(H59="", IFERROR(MATCH("**", B:B, 0), ""), IFERROR(MATCH("* "&H59&" *", B:B, 0), "") ) -> 136 | J59: {=INDIRECT("B" & I59)} -> NIVEL 1018 FRENTE AM 129 09-01-2026 | K59: =INDEX(D:D, MATCH(J59, $B:$B, 0)) -> 3.5 | L59: =INDEX(E:E, MATCH(J59, $B:$B, 0))*0.9 -> 0.02349 | M59: =INDEX(F:F, MATCH(J59, $B:$B, 0)) -> 0 | N59: =+IF(L59=0,M59*0.9,L59*0.9) -> 0.021141 | O59: =+IF(L59=0,"-","Dump") -> Dump | P59: =+K59/5.6 -> 0.625 | S59: 4
B60: NIVEL 1018 FRENTE AM 53 30-12-2025 | C60: 1 | D60: 3.5 | E60: 0.0118 | K60: =SUM(K4:K59) -> 192.2 | L60: =+N60/0.9 -> 0.015611675 | M60: =(SUMPRODUCT(M4:M59,$K4:$K59)/$K60)*0.9 -> 0 | N60: =(SUMPRODUCT(N4:N59,$K4:$K59)/$K60) -> 0.014050508 | S60: 5
B61: NIVEL 1018 FRENTE AM 54 30-12-2025 | C61: 1 | D61: 3.5 | E61: 0.0141 | K61: Ley Lab | L61: =+L60/0.9 -> 0.017346306 | S61: 6
B62: NIVEL 1018 FRENTE AM 55 30-12-2025 | C62: 1 | D62: 3.5 | E62: 0.0151 | S62: 7
B63: NIVEL 1018 FRENTE AM 56 30-12-2025 | C63: 1 | D63: 3.5 | E63: 0.0118 | S63: 8
B64: NIVEL 1018 FRENTE AM 57 30-12-2025 | C64: 1 | D64: 3.5 | E64: 0.008 | S64: 9
B65: NIVEL 1018 FRENTE AM 58 30-12-2025 | C65: 1 | D65: 3.5 | E65: 0.0127 | I65: CN002 | J65: ACOPIO | K65: TON | L65: LEY DUMP | M65: LEY VISUAL | N65: LEY LOTE | S65: 10 | AH65: =+I65 -> CN002 | AI65: Cui
B66: NIVEL 1018 FRENTE AM 59 30-12-2025 | C66: 1 | D66: 3.5 | E66: 0.0156 | H66: 115 | I66: =IF(H66="", IFERROR(MATCH("**", B:B, 0), ""), IFERROR(MATCH("* "&H66&" *", B:B, 0), "") ) -> 122 | J66: {=INDIRECT("B" & I66)} -> NIVEL 1018 FRENTE AM 115 08-01-2026 | K66: =INDEX(D:D, MATCH(J66, $B:$B, 0)) -> 3.5 | L66: =INDEX(E:E, MATCH(J66, $B:$B, 0))*0.9 -> 0.00747 | M66: =INDEX(F:F, MATCH(J66, $B:$B, 0)) -> 0 | N66: =+IF(L66=0,M66*0.9,L66*0.9) -> 0.006723 | O66: =+IF(L66=0,"-","Dump") -> Dump | P66: =+K66/5.6 -> 0.625 | S66: 11 | AH66: =+K99-SUMIF(AB:AB, AH65, Y:Y) -> -1.18 | AI66: =+N99 -> 0.015453818 | AJ66: =COUNTIF(AB:AB, AH65) -> 4
B67: NIVEL 970 SELLO AM 60 30-12-2025 | C67: 1 | D67: 3.5 | E67: 0.0127 | H67: 116 | I67: =IF(H67="", IFERROR(MATCH("**", B:B, 0), ""), IFERROR(MATCH("* "&H67&" *", B:B, 0), "") ) -> 123 | J67: {=INDIRECT("B" & I67)} -> NIVEL 1018 FRENTE AM 116 08-01-2026 | K67: =INDEX(D:D, MATCH(J67, $B:$B, 0)) -> 3.5 | L67: =INDEX(E:E, MATCH(J67, $B:$B, 0))*0.9 -> 0.01512 | M67: =INDEX(F:F, MATCH(J67, $B:$B, 0)) -> 0 | N67: =+IF(L67=0,M67*0.9,L67*0.9) -> 0.013608 | O67: =+IF(L67=0,"-","Dump") -> Dump | P67: =+K67/5.6 -> 0.625 | Y67: =SUM(Y56:Y66) -> 83.25 | Z67: =+SUMPRODUCT(Y56:Y66,Z56:Z66)/Y67 -> 0.016152083 | AA67: =+SUMPRODUCT(Y56:Y66,AA56:AA66)/Y67 -> 0 | AC67: =+SUMPRODUCT(AC56:AC66,Y56:Y66)/(Y57+Y58) -> 0
B68: NIVEL 970 SELLO AM 61 30-12-2025 | C68: 1 | D68: 3.5 | E68: 0.0127 | H68: 117 | I68: =IF(H68="", IFERROR(MATCH("**", B:B, 0), ""), IFERROR(MATCH("* "&H68&" *", B:B, 0), "") ) -> 124 | J68: {=INDIRECT("B" & I68)} -> NIVEL 1018 FRENTE AM 117 08-01-2026 | K68: =INDEX(D:D, MATCH(J68, $B:$B, 0)) -> 3.5 | L68: =INDEX(E:E, MATCH(J68, $B:$B, 0))*0.9 -> 0.0153 | M68: =INDEX(F:F, MATCH(J68, $B:$B, 0)) -> 0 | N68: =+IF(L68=0,M68*0.9,L68*0.9) -> 0.01377 | O68: =+IF(L68=0,"-","Dump") -> Dump | P68: =+K68/5.6 -> 0.625
B69: NIVEL 970 SELLO AM 62 30-12-2025 | C69: 1 | D69: 3.5 | E69: 0.0127 | H69: 118 | I69: =IF(H69="", IFERROR(MATCH("**", B:B, 0), ""), IFERROR(MATCH("* "&H69&" *", B:B, 0), "") ) -> 125 | J69: {=INDIRECT("B" & I69)} -> NIVEL 1018 FRENTE AM 118 08-01-2026 | K69: =INDEX(D:D, MATCH(J69, $B:$B, 0)) -> 3.5 | L69: =INDEX(E:E, MATCH(J69, $B:$B, 0))*0.9 -> 0.01224 | M69: =INDEX(F:F, MATCH(J69, $B:$B, 0)) -> 0 | N69: =+IF(L69=0,M69*0.9,L69*0.9) -> 0.011016 | O69: =+IF(L69=0,"-","Dump") -> Dump | P69: =+K69/5.6 -> 0.625
B70: NIVEL 970 SELLO AM 63 30-12-2025 | C70: 1 | D70: 3.5 | E70: 0.0127 | H70: 119 | I70: =IF(H70="", IFERROR(MATCH("**", B:B, 0), ""), IFERROR(MATCH("* "&H70&" *", B:B, 0), "") ) -> 126 | J70: {=INDIRECT("B" & I70)} -> NIVEL 1018 FRENTE AM 119 08-01-2026 | K70: =INDEX(D:D, MATCH(J70, $B:$B, 0)) -> 3.5 | L70: =INDEX(E:E, MATCH(J70, $B:$B, 0))*0.9 -> 0.01305 | M70: =INDEX(F:F, MATCH(J70, $B:$B, 0)) -> 0 | N70: =+IF(L70=0,M70*0.9,L70*0.9) -> 0.011745 | O70: =+IF(L70=0,"-","Dump") -> Dump | P70: =+K70/5.6 -> 0.625
B71: NIVEL 970 SELLO AM 64 30-12-2025 | C71: 1 | D71: 3.5 | E71: 0.0127 | H71: 120 | I71: =IF(H71="", IFERROR(MATCH("**", B:B, 0), ""), IFERROR(MATCH("* "&H71&" *", B:B, 0), "") ) -> 127 | J71: {=INDIRECT("B" & I71)} -> NIVEL 1018 FRENTE AM 120 08-01-2026 | K71: =INDEX(D:D, MATCH(J71, $B:$B, 0)) -> 3.5 | L71: =INDEX(E:E, MATCH(J71, $B:$B, 0))*0.9 -> 0.01467 | M71: =INDEX(F:F, MATCH(J71, $B:$B, 0)) -> 0 | N71: =+IF(L71=0,M71*0.9,L71*0.9) -> 0.013203 | O71: =+IF(L71=0,"-","Dump") -> Dump | P71: =+K71/5.6 -> 0.625 | U71: =+R57 -> Minera la Cruz Vicente2 1 al 26 | V71: =Y67 -> 83.25 | W71: =+(Y67*Z67)/V71 -> 0.016152083 | X71: =+COUNTA(AB56:AB66) -> 3
B72: NIVEL 789 REC AM 65 30-12-2025 | C72: 1 | D72: 3.5 | E72: 0.03 | H72: 146 | I72: =IF(H72="", IFERROR(MATCH("**", B:B, 0), ""), IFERROR(MATCH("* "&H72&" *", B:B, 0), "") ) -> 153 | J72: {=INDIRECT("B" & I72)} -> NIVEL 1005 AFLOR PM 146 12-01-2026 | K72: =INDEX(D:D, MATCH(J72, $B:$B, 0)) -> 3.5 | L72: =INDEX(E:E, MATCH(J72, $B:$B, 0))*0.9 -> 0.02097 | M72: =INDEX(F:F, MATCH(J72, $B:$B, 0)) -> 0 | N72: =+IF(L72=0,M72*0.9,L72*0.9) -> 0.018873 | O72: =+IF(L72=0,"-","Dump") -> Dump | P72: =+K72/5.6 -> 0.625
B73: NIVEL 789 REC AM 66 30-12-2025 | C73: 1 | D73: 3.5 | E73: 0.03 | H73: 147 | I73: =IF(H73="", IFERROR(MATCH("**", B:B, 0), ""), IFERROR(MATCH("* "&H73&" *", B:B, 0), "") ) -> 154 | J73: {=INDIRECT("B" & I73)} -> NIVEL 1005 AFLOR PM 147 12-01-2026 | K73: =INDEX(D:D, MATCH(J73, $B:$B, 0)) -> 3.5 | L73: =INDEX(E:E, MATCH(J73, $B:$B, 0))*0.9 -> 0.02241 | M73: =INDEX(F:F, MATCH(J73, $B:$B, 0)) -> 0 | N73: =+IF(L73=0,M73*0.9,L73*0.9) -> 0.020169 | O73: =+IF(L73=0,"-","Dump") -> Dump | P73: =+K73/5.6 -> 0.625
B74: NIVEL 789 REC AM 67 30-12-2025 | C74: 1 | D74: 3.5 | E74: 0.03 | H74: 148 | I74: =IF(H74="", IFERROR(MATCH("**", B:B, 0), ""), IFERROR(MATCH("* "&H74&" *", B:B, 0), "") ) -> 155 | J74: {=INDIRECT("B" & I74)} -> NIVEL 1005 AFLOR PM 148 12-01-2026 | K74: =INDEX(D:D, MATCH(J74, $B:$B, 0)) -> 3.5 | L74: =INDEX(E:E, MATCH(J74, $B:$B, 0))*0.9 -> 0.02142 | M74: =INDEX(F:F, MATCH(J74, $B:$B, 0)) -> 0 | N74: =+IF(L74=0,M74*0.9,L74*0.9) -> 0.019278 | O74: =+IF(L74=0,"-","Dump") -> Dump | P74: =+K74/5.6 -> 0.625
B75: NIVEL 789 REC AM 68 30-12-2025 | C75: 1 | D75: 3.5 | E75: 0.03 | H75: 65 | I75: =IF(H75="", IFERROR(MATCH("**", B:B, 0), ""), IFERROR(MATCH("* "&H75&" *", B:B, 0), "") ) -> 72 | J75: {=INDIRECT("B" & I75)} -> NIVEL 789 REC AM 65 30-12-2025 | K75: =INDEX(D:D, MATCH(J75, $B:$B, 0)) -> 3.5 | L75: =INDEX(E:E, MATCH(J75, $B:$B, 0))*0.9 -> 0.027 | M75: =INDEX(F:F, MATCH(J75, $B:$B, 0)) -> 0 | N75: =+IF(L75=0,M75*0.9,L75*0.9) -> 0.0243 | O75: =+IF(L75=0,"-","Dump") -> Dump | P75: =+K75/5.6 -> 0.625 | R75: N°Lote | S75: Camionada | T75: Ticket | U75: Patente | V75: Fecha Despacho | W75: Fecha Recepción | X75: Hora | Y75: Peso | Z75: Ley mezcla | AA75: Ley Visual | AB75: Origen | AC75: Ley Lab Camion | AD75: Diferencia | AE75: % Error
B76: NIVEL 789 REC AM 69 30-12-2025 | C76: 1 | D76: 3.5 | E76: 0.03 | H76: 66 | I76: =IF(H76="", IFERROR(MATCH("**", B:B, 0), ""), IFERROR(MATCH("* "&H76&" *", B:B, 0), "") ) -> 73 | J76: {=INDIRECT("B" & I76)} -> NIVEL 789 REC AM 66 30-12-2025 | K76: =INDEX(D:D, MATCH(J76, $B:$B, 0)) -> 3.5 | L76: =INDEX(E:E, MATCH(J76, $B:$B, 0))*0.9 -> 0.027 | M76: =INDEX(F:F, MATCH(J76, $B:$B, 0)) -> 0 | N76: =+IF(L76=0,M76*0.9,L76*0.9) -> 0.0243 | O76: =+IF(L76=0,"-","Dump") -> Dump | P76: =+K76/5.6 -> 0.625 | S76: 1 | AD76: =+AC87-Z87 -> #DIV/0! | AE76: =+(AC87-Z87)/Z87 -> #DIV/0!
B77: NIVEL 789 REC AM 70 30-12-2025 | C77: 1 | D77: 3.5 | E77: 0.0274 | H77: 67 | I77: =IF(H77="", IFERROR(MATCH("**", B:B, 0), ""), IFERROR(MATCH("* "&H77&" *", B:B, 0), "") ) -> 74 | J77: {=INDIRECT("B" & I77)} -> NIVEL 789 REC AM 67 30-12-2025 | K77: =INDEX(D:D, MATCH(J77, $B:$B, 0)) -> 3.5 | L77: =INDEX(E:E, MATCH(J77, $B:$B, 0))*0.9 -> 0.027 | M77: =INDEX(F:F, MATCH(J77, $B:$B, 0)) -> 0 | N77: =+IF(L77=0,M77*0.9,L77*0.9) -> 0.0243 | O77: =+IF(L77=0,"-","Dump") -> Dump | P77: =+K77/5.6 -> 0.625 | R77: Procesos Mineros | S77: 2
B78: NIVEL 789 REC AM 71 30-12-2025 | C78: 1 | D78: 3.5 | E78: 0.0219 | H78: 130 | I78: =IF(H78="", IFERROR(MATCH("**", B:B, 0), ""), IFERROR(MATCH("* "&H78&" *", B:B, 0), "") ) -> 137 | J78: {=INDIRECT("B" & I78)} -> NIVEL 1018 FRENTE AM 130 09-01-2026 | K78: =INDEX(D:D, MATCH(J78, $B:$B, 0)) -> 3.5 | L78: =INDEX(E:E, MATCH(J78, $B:$B, 0))*0.9 -> 0.0144 | M78: =INDEX(F:F, MATCH(J78, $B:$B, 0)) -> 0 | N78: =+IF(L78=0,M78*0.9,L78*0.9) -> 0.01296 | O78: =+IF(L78=0,"-","Dump") -> Dump | P78: =+K78/5.6 -> 0.625 | S78: 3
B79: NIVEL 789 REC AM 72 30-12-2025 | C79: 1 | D79: 3.5 | E79: 0.0258 | H79: 131 | I79: =IF(H79="", IFERROR(MATCH("**", B:B, 0), ""), IFERROR(MATCH("* "&H79&" *", B:B, 0), "") ) -> 138 | J79: {=INDIRECT("B" & I79)} -> NIVEL 1018 FRENTE AM 131 09-01-2026 | K79: =INDEX(D:D, MATCH(J79, $B:$B, 0)) -> 3.5 | L79: =INDEX(E:E, MATCH(J79, $B:$B, 0))*0.9 -> 0.01863 | M79: =INDEX(F:F, MATCH(J79, $B:$B, 0)) -> 0 | N79: =+IF(L79=0,M79*0.9,L79*0.9) -> 0.016767 | O79: =+IF(L79=0,"-","Dump") -> Dump | P79: =+K79/5.6 -> 0.625 | S79: 4
B80: NIVEL 789 REC AM 73 30-12-2025 | C80: 1 | D80: 3.5 | E80: 0.0264 | H80: 132 | I80: =IF(H80="", IFERROR(MATCH("**", B:B, 0), ""), IFERROR(MATCH("* "&H80&" *", B:B, 0), "") ) -> 139 | J80: {=INDIRECT("B" & I80)} -> NIVEL 1018 FRENTE AM 132 09-01-2026 | K80: =INDEX(D:D, MATCH(J80, $B:$B, 0)) -> 3.5 | L80: =INDEX(E:E, MATCH(J80, $B:$B, 0))*0.9 -> 0.01881 | M80: =INDEX(F:F, MATCH(J80, $B:$B, 0)) -> 0 | N80: =+IF(L80=0,M80*0.9,L80*0.9) -> 0.016929 | O80: =+IF(L80=0,"-","Dump") -> Dump | P80: =+K80/5.6 -> 0.625 | S80: 5
B81: NIVEL 789 REC AM 74 30-12-2025 | C81: 1 | D81: 3.5 | E81: 0.0258 | H81: 133 | I81: =IF(H81="", IFERROR(MATCH("**", B:B, 0), ""), IFERROR(MATCH("* "&H81&" *", B:B, 0), "") ) -> 140 | J81: {=INDIRECT("B" & I81)} -> NIVEL 1018 FRENTE AM 133 09-01-2026 | K81: =INDEX(D:D, MATCH(J81, $B:$B, 0)) -> 3.5 | L81: =INDEX(E:E, MATCH(J81, $B:$B, 0))*0.9 -> 0.01629 | M81: =INDEX(F:F, MATCH(J81, $B:$B, 0)) -> 0 | N81: =+IF(L81=0,M81*0.9,L81*0.9) -> 0.014661 | O81: =+IF(L81=0,"-","Dump") -> Dump | P81: =+K81/5.6 -> 0.625 | S81: 6
B82: NIVEL 789 REC AM 75 30-12-2025 | C82: 1 | D82: 3.5 | E82: 0.03 | H82: 134 | I82: =IF(H82="", IFERROR(MATCH("**", B:B, 0), ""), IFERROR(MATCH("* "&H82&" *", B:B, 0), "") ) -> 141 | J82: {=INDIRECT("B" & I82)} -> NIVEL 1018 FRENTE AM 134 09-01-2026 | K82: =INDEX(D:D, MATCH(J82, $B:$B, 0)) -> 3.5 | L82: =INDEX(E:E, MATCH(J82, $B:$B, 0))*0.9 -> 0.01629 | M82: =INDEX(F:F, MATCH(J82, $B:$B, 0)) -> 0 | N82: =+IF(L82=0,M82*0.9,L82*0.9) -> 0.014661 | O82: =+IF(L82=0,"-","Dump") -> Dump | P82: =+K82/5.6 -> 0.625 | S82: 7
B83: NIVEL 789 REC AM 76 30-12-2025 | C83: 1 | D83: 3.5 | E83: 0.0236 | H83: 135 | I83: =IF(H83="", IFERROR(MATCH("**", B:B, 0), ""), IFERROR(MATCH("* "&H83&" *", B:B, 0), "") ) -> 142 | J83: {=INDIRECT("B" & I83)} -> NIVEL 1018 FRENTE AM 135 09-01-2026 | K83: =INDEX(D:D, MATCH(J83, $B:$B, 0)) -> 3.5 | L83: =INDEX(E:E, MATCH(J83, $B:$B, 0))*0.9 -> 0.01458 | M83: =INDEX(F:F, MATCH(J83, $B:$B, 0)) -> 0 | N83: =+IF(L83=0,M83*0.9,L83*0.9) -> 0.013122 | O83: =+IF(L83=0,"-","Dump") -> Dump | P83: =+K83/5.6 -> 0.625 | S83: 8
B84: NIVEL 789 REC AM 77 30-12-2025 | C84: 1 | D84: 3.5 | E84: 0.03 | H84: 136 | I84: =IF(H84="", IFERROR(MATCH("**", B:B, 0), ""), IFERROR(MATCH("* "&H84&" *", B:B, 0), "") ) -> 143 | J84: {=INDIRECT("B" & I84)} -> NIVEL 1018 FRENTE AM 136 09-01-2026 | K84: =INDEX(D:D, MATCH(J84, $B:$B, 0)) -> 3.5 | L84: =INDEX(E:E, MATCH(J84, $B:$B, 0))*0.9 -> 0.01836 | M84: =INDEX(F:F, MATCH(J84, $B:$B, 0)) -> 0 | N84: =+IF(L84=0,M84*0.9,L84*0.9) -> 0.016524 | O84: =+IF(L84=0,"-","Dump") -> Dump | P84: =+K84/5.6 -> 0.625 | S84: 9
B85: NIVEL 789 REC AM 78 30-12-2025 | C85: 1 | D85: 3.5 | E85: 0.03 | H85: 137 | I85: =IF(H85="", IFERROR(MATCH("**", B:B, 0), ""), IFERROR(MATCH("* "&H85&" *", B:B, 0), "") ) -> 144 | J85: {=INDIRECT("B" & I85)} -> NIVEL 1005 AFLOR AM 137 12-01-2026 | K85: =INDEX(D:D, MATCH(J85, $B:$B, 0)) -> 3.5 | L85: =INDEX(E:E, MATCH(J85, $B:$B, 0))*0.9 -> 0.01575 | M85: =INDEX(F:F, MATCH(J85, $B:$B, 0)) -> 0 | N85: =+IF(L85=0,M85*0.9,L85*0.9) -> 0.014175 | O85: =+IF(L85=0,"-","Dump") -> Dump | P85: =+K85/5.6 -> 0.625 | S85: 10
B86: NIVEL 789 REC AM 79 30-12-2025 | C86: 1 | D86: 3.5 | E86: 0.0263 | H86: 138 | I86: =IF(H86="", IFERROR(MATCH("**", B:B, 0), ""), IFERROR(MATCH("* "&H86&" *", B:B, 0), "") ) -> 145 | J86: {=INDIRECT("B" & I86)} -> NIVEL 1018 FRENTE AM 138 12-01-2026 | K86: =INDEX(D:D, MATCH(J86, $B:$B, 0)) -> 3.5 | L86: =INDEX(E:E, MATCH(J86, $B:$B, 0))*0.9 -> 0.00981 | M86: =INDEX(F:F, MATCH(J86, $B:$B, 0)) -> 0 | N86: =+IF(L86=0,M86*0.9,L86*0.9) -> 0.008829 | O86: =+IF(L86=0,"-","Dump") -> Dump | P86: =+K86/5.6 -> 0.625 | S86: 11
B87: NIVEL 1018 FRENTE AM 80 31-12-2025 | C87: 1 | D87: 3.5 | E87: 0.0215 | H87: 139 | I87: =IF(H87="", IFERROR(MATCH("**", B:B, 0), ""), IFERROR(MATCH("* "&H87&" *", B:B, 0), "") ) -> 146 | J87: {=INDIRECT("B" & I87)} -> NIVEL 1018 FRENTE AM 139 12-01-2026 | K87: =INDEX(D:D, MATCH(J87, $B:$B, 0)) -> 3.5 | L87: =INDEX(E:E, MATCH(J87, $B:$B, 0))*0.9 -> 0.01197 | M87: =INDEX(F:F, MATCH(J87, $B:$B, 0)) -> 0 | N87: =+IF(L87=0,M87*0.9,L87*0.9) -> 0.010773 | O87: =+IF(L87=0,"-","Dump") -> Dump | P87: =+K87/5.6 -> 0.625 | Y87: =SUM(Y76:Y86) -> 0 | Z87: =+SUMPRODUCT(Y76:Y86,Z76:Z86)/Y87 -> #DIV/0! | AA87: =+SUMPRODUCT(Y76:Y86,AA76:AA86)/Y87 -> #DIV/0! | AC87: =+SUMPRODUCT(AC76:AC86,Y76:Y86)/(Y77+Y78) -> #DIV/0!
B88: NIVEL 1018 FRENTE AM 81 31-12-2025 | C88: 1 | D88: 3.5 | E88: 0.0179 | H88: 140 | I88: =IF(H88="", IFERROR(MATCH("**", B:B, 0), ""), IFERROR(MATCH("* "&H88&" *", B:B, 0), "") ) -> 147 | J88: {=INDIRECT("B" & I88)} -> NIVEL 1018 FRENTE AM 140 12-01-2026 | K88: =INDEX(D:D, MATCH(J88, $B:$B, 0)) -> 3.5 | L88: =INDEX(E:E, MATCH(J88, $B:$B, 0))*0.9 -> 0.00837 | M88: =INDEX(F:F, MATCH(J88, $B:$B, 0)) -> 0 | N88: =+IF(L88=0,M88*0.9,L88*0.9) -> 0.007533 | O88: =+IF(L88=0,"-","Dump") -> Dump | P88: =+K88/5.6 -> 0.625
B89: NIVEL 1018 FRENTE AM 82 31-12-2025 | C89: 1 | D89: 3.5 | E89: 0.0123 | H89: 141 | I89: =IF(H89="", IFERROR(MATCH("**", B:B, 0), ""), IFERROR(MATCH("* "&H89&" *", B:B, 0), "") ) -> 148 | J89: {=INDIRECT("B" & I89)} -> NIVEL 1018 FRENTE AM 141 12-01-2026 | K89: =INDEX(D:D, MATCH(J89, $B:$B, 0)) -> 3.5 | L89: =INDEX(E:E, MATCH(J89, $B:$B, 0))*0.9 -> 0.01044 | M89: =INDEX(F:F, MATCH(J89, $B:$B, 0)) -> 0 | N89: =+IF(L89=0,M89*0.9,L89*0.9) -> 0.009396 | O89: =+IF(L89=0,"-","Dump") -> Dump | P89: =+K89/5.6 -> 0.625
B90: NIVEL 1018 FRENTE AM 83 31-12-2025 | C90: 1 | D90: 3.5 | E90: 0.0165 | H90: 142 | I90: =IF(H90="", IFERROR(MATCH("**", B:B, 0), ""), IFERROR(MATCH("* "&H90&" *", B:B, 0), "") ) -> 149 | J90: {=INDIRECT("B" & I90)} -> NIVEL 1018 FRENTE AM 142 12-01-2026 | K90: =INDEX(D:D, MATCH(J90, $B:$B, 0)) -> 3.5 | L90: =INDEX(E:E, MATCH(J90, $B:$B, 0))*0.9 -> 0.01647 | M90: =INDEX(F:F, MATCH(J90, $B:$B, 0)) -> 0 | N90: =+IF(L90=0,M90*0.9,L90*0.9) -> 0.014823 | O90: =+IF(L90=0,"-","Dump") -> Dump | P90: =+K90/5.6 -> 0.625
B91: NIVEL 970 SELLO PM 84 31-12-2025 | C91: 1 | D91: 3.5 | E91: 0.0106 | H91: 143 | I91: =IF(H91="", IFERROR(MATCH("**", B:B, 0), ""), IFERROR(MATCH("* "&H91&" *", B:B, 0), "") ) -> 150 | J91: {=INDIRECT("B" & I91)} -> NIVEL 1018 FRENTE AM 143 12-01-2026 | K91: =INDEX(D:D, MATCH(J91, $B:$B, 0)) -> 3.5 | L91: =INDEX(E:E, MATCH(J91, $B:$B, 0))*0.9 -> 0.00999 | M91: =INDEX(F:F, MATCH(J91, $B:$B, 0)) -> 0 | N91: =+IF(L91=0,M91*0.9,L91*0.9) -> 0.008991 | O91: =+IF(L91=0,"-","Dump") -> Dump | P91: =+K91/5.6 -> 0.625 | U91: =+R77 -> Procesos Mineros | V91: =Y87 -> 0 | W91: =+(Y87*Z87)/V91 -> #DIV/0! | X91: =+COUNTA(AB76:AB86) -> 0
B92: NIVEL 970 SELLO PM 85 31-12-2025 | C92: 1 | D92: 3.5 | E92: 0.0106 | H92: 144 | I92: =IF(H92="", IFERROR(MATCH("**", B:B, 0), ""), IFERROR(MATCH("* "&H92&" *", B:B, 0), "") ) -> 151 | J92: {=INDIRECT("B" & I92)} -> NIVEL 1018 FRENTE AM 144 12-01-2026 | K92: =INDEX(D:D, MATCH(J92, $B:$B, 0)) -> 3.5 | L92: =INDEX(E:E, MATCH(J92, $B:$B, 0))*0.9 -> 0.01269 | M92: =INDEX(F:F, MATCH(J92, $B:$B, 0)) -> 0 | N92: =+IF(L92=0,M92*0.9,L92*0.9) -> 0.011421 | O92: =+IF(L92=0,"-","Dump") -> Dump | P92: =+K92/5.6 -> 0.625
B93: NIVEL 970 SELLO PM 86 31-12-2025 | C93: 1 | D93: 3.5 | E93: 0.0106 | H93: 145 | I93: =IF(H93="", IFERROR(MATCH("**", B:B, 0), ""), IFERROR(MATCH("* "&H93&" *", B:B, 0), "") ) -> 152 | J93: {=INDIRECT("B" & I93)} -> NIVEL 1018 FRENTE AM 145 12-01-2026 | K93: =INDEX(D:D, MATCH(J93, $B:$B, 0)) -> 3.5 | L93: =INDEX(E:E, MATCH(J93, $B:$B, 0))*0.9 -> 0.00855 | M93: =INDEX(F:F, MATCH(J93, $B:$B, 0)) -> 0 | N93: =+IF(L93=0,M93*0.9,L93*0.9) -> 0.007695 | O93: =+IF(L93=0,"-","Dump") -> Dump | P93: =+K93/5.6 -> 0.625
B94: NIVEL 970 SELLO PM 87 31-12-2025 | C94: 1 | D94: 3.5 | E94: 0.0106 | H94: 68 | I94: =IF(H94="", IFERROR(MATCH("**", B:B, 0), ""), IFERROR(MATCH("* "&H94&" *", B:B, 0), "") ) -> 75 | J94: {=INDIRECT("B" & I94)} -> NIVEL 789 REC AM 68 30-12-2025 | K94: =INDEX(D:D, MATCH(J94, $B:$B, 0)) -> 3.5 | L94: =INDEX(E:E, MATCH(J94, $B:$B, 0))*0.9 -> 0.027 | M94: =INDEX(F:F, MATCH(J94, $B:$B, 0)) -> 0 | N94: =+IF(L94=0,M94*0.9,L94*0.9) -> 0.0243 | O94: =+IF(L94=0,"-","Dump") -> Dump | P94: =+K94/5.6 -> 0.625 | R94: ENAMI
B95: NIVEL 970 SELLO PM 88 31-12-2025 | C95: 1 | D95: 3.5 | E95: 0.0106 | H95: 69 | I95: =IF(H95="", IFERROR(MATCH("**", B:B, 0), ""), IFERROR(MATCH("* "&H95&" *", B:B, 0), "") ) -> 76 | J95: {=INDIRECT("B" & I95)} -> NIVEL 789 REC AM 69 30-12-2025 | K95: =INDEX(D:D, MATCH(J95, $B:$B, 0)) -> 3.5 | L95: =INDEX(E:E, MATCH(J95, $B:$B, 0))*0.9 -> 0.027 | M95: =INDEX(F:F, MATCH(J95, $B:$B, 0)) -> 0 | N95: =+IF(L95=0,M95*0.9,L95*0.9) -> 0.0243 | O95: =+IF(L95=0,"-","Dump") -> Dump | P95: =+K95/5.6 -> 0.625
B96: NIVEL 789 REC AM 89 31-12-2025 | C96: 1 | D96: 3.5 | E96: 0.0242 | H96: 70 | I96: =IF(H96="", IFERROR(MATCH("**", B:B, 0), ""), IFERROR(MATCH("* "&H96&" *", B:B, 0), "") ) -> 77 | J96: {=INDIRECT("B" & I96)} -> NIVEL 789 REC AM 70 30-12-2025 | K96: =INDEX(D:D, MATCH(J96, $B:$B, 0)) -> 3.5 | L96: =INDEX(E:E, MATCH(J96, $B:$B, 0))*0.9 -> 0.02466 | M96: =INDEX(F:F, MATCH(J96, $B:$B, 0)) -> 0 | N96: =+IF(L96=0,M96*0.9,L96*0.9) -> 0.022194 | O96: =+IF(L96=0,"-","Dump") -> Dump | P96: =+K96/5.6 -> 0.625 | R96: N°Lote | S96: Camionada | T96: Ticket | U96: Patente | V96: Fecha Despacho | W96: Fecha Recepción | X96: Hora | Y96: Peso | Z96: Ley mezcla | AA96: Ley Visual | AB96: Origen | AC96: Ley Lab Camion | AD96: Diferencia | AE96: % Error
B97: NIVEL 789 REC AM 90 31-12-2025 | C97: 1 | D97: 3.5 | E97: 0.0115 | H97: 71 | I97: =IF(H97="", IFERROR(MATCH("**", B:B, 0), ""), IFERROR(MATCH("* "&H97&" *", B:B, 0), "") ) -> 78 | J97: {=INDIRECT("B" & I97)} -> NIVEL 789 REC AM 71 30-12-2025 | K97: =INDEX(D:D, MATCH(J97, $B:$B, 0)) -> 3.5 | L97: =INDEX(E:E, MATCH(J97, $B:$B, 0))*0.9 -> 0.01971 | M97: =INDEX(F:F, MATCH(J97, $B:$B, 0)) -> 0 | N97: =+IF(L97=0,M97*0.9,L97*0.9) -> 0.017739 | O97: =+IF(L97=0,"-","Dump") -> Dump | P97: =+K97/5.6 -> 0.625 | R97: 10064 | S97: 1 | T97: 752636 | U97: PYCH-48 | V97: 46044 | W97: 46045 | X97: 0.38333333 | Y97: 26.61 | Z97: =+N267 -> 0.0170586 | AA97: =+M267 -> 0 | AB97: =+I261 -> EN007 | AD97: =+AC108-Z108 -> -0.016258151 | AE97: =+(AC108-Z108)/Z108 -> -1
B98: NIVEL 789 REC AM 91 31-12-2025 | C98: 1 | D98: 3.5 | E98: 0.0161 | H98: 72 | I98: =IF(H98="", IFERROR(MATCH("**", B:B, 0), ""), IFERROR(MATCH("* "&H98&" *", B:B, 0), "") ) -> 79 | J98: {=INDIRECT("B" & I98)} -> NIVEL 789 REC AM 72 30-12-2025 | K98: =INDEX(D:D, MATCH(J98, $B:$B, 0)) -> 3.5 | L98: =INDEX(E:E, MATCH(J98, $B:$B, 0))*0.9 -> 0.02322 | M98: =INDEX(F:F, MATCH(J98, $B:$B, 0)) -> 0 | N98: =+IF(L98=0,M98*0.9,L98*0.9) -> 0.020898 | O98: =+IF(L98=0,"-","Dump") -> Dump | P98: =+K98/5.6 -> 0.625 | R98: 3H COPPER El Sauce | S98: 2 | T98: 752929 | U98: PYCH-48 | V98: 46048 | W98: 46049 | X98: 0.43888889 | Y98: 29.16 | Z98: =+N281 -> 0.0155277 | AA98: =+M281 -> 0 | AB98: =+I270 -> EN008
B99: NIVEL 789 REC AM 92 31-12-2025 | C99: 1 | D99: 3.5 | E99: 0.0132 | K99: =SUM(K65:K98) -> 115.5 | L99: =+N99/0.9 -> 0.017170909 | M99: =(SUMPRODUCT(M65:M98,$K65:$K98)/$K99)*0.9 -> 0 | N99: =(SUMPRODUCT(N65:N98,$K65:$K98)/$K99) -> 0.015453818 | S99: 3
B100: NIVEL 789 REC AM 93 31-12-2025 | C100: 1 | D100: 3.5 | E100: 0.0239 | K100: Ley Lab | L100: =+L99/0.9 -> 0.019078788 | S100: 4
B101: NIVEL 789 REC AM 94 31-12-2025 | C101: 1 | D101: 3.5 | E101: 0.0166 | S101: 5
B102: NIVEL 789 REC AM 95 31-12-2025 | C102: 1 | D102: 3.5 | E102: 0.0116 | I102: CN003 | J102: ACOPIO | K102: TON | L102: LEY DUMP | M102: LEY VISUAL | N102: LEY LOTE | S102: 6 | AH102: =+I102 -> CN003 | AI102: Cui
...

Sheet DB
B2: Dumpadas 2026.
B4: id | C4: punto | D4: Tipo | E4: N°Acop | F4: Acopios | G4: jornada | H4: fecha | I4: ton | J4: ley | K4: ley Cup | L4: Ley Soluble | M4: CERTIDICADO | N4: Columna1 | O4: Ley Visual | P4: Rango | R4: Meses (fecha ) | S4: Acopios | T4: DUMPADAS | U4: TON. | V4: Promedio de ley | Y4: Meses (fecha ) | Z4: Acopios | AA4: DUMPADAS | AB4: TON. | AC4: Promedio de ley | AD4: Promedio de ley Cup
B5: 1 | C5: NIVEL 970 | D5: SELLO | E5: 1 | F5: =Dumpadas[[#This Row],[punto]] & " "&Dumpadas[[#This Row],[jornada]]&" " & Dumpadas[[#This Row],[N°Acop]] & " " & TEXT(Dumpadas[[#This Row],[fecha ]], "dd-mm-yyyy") -> NIVEL 970 AM 1 24-12-2025 | G5: AM | H5: 46015 | I5: 3.5 | J5: 0.012 | K5: =+IF(Dumpadas[[#This Row],[ley]]>0.03,0.03,Dumpadas[[#This Row],[ley]]) -> 0.012 | M5: 28333 | P5: {=INDEX(Rangos!$E$3:$E$16,MATCH(1,(Dumpadas[[#This Row],[ley]]>=Rangos!$B$3:$B$16)*(Dumpadas[[#This Row],[ley]]<=Rangos!$C$3:$C$16),0))} -> D | R5: ene | T5: 265 | U5: 927.5 | V5: 0.013143774 | Y5: ene | AA5: 265 | AB5: 927.5 | AC5: 0.013143774 | AD5: 0.013064151
C6: NIVEL 970 | D6: SELLO | E6: 2 | F6: =Dumpadas[[#This Row],[punto]] & " "&Dumpadas[[#This Row],[jornada]]&" " & Dumpadas[[#This Row],[N°Acop]] & " " & TEXT(Dumpadas[[#This Row],[fecha ]], "dd-mm-yyyy") -> NIVEL 970 AM 2 24-12-2025 | G6: AM | H6: 46015 | I6: 3.5 | J6: 0.012 | K6: =+IF(Dumpadas[[#This Row],[ley]]>0.03,0.03,Dumpadas[[#This Row],[ley]]) -> 0.012 | M6: 28333 | P6: {=INDEX(Rangos!$E$3:$E$16,MATCH(1,(Dumpadas[[#This Row],[ley]]>=Rangos!$B$3:$B$16)*(Dumpadas[[#This Row],[ley]]<=Rangos!$C$3:$C$16),0))} -> D | R6: feb | T6: 125 | U6: 437.5 | V6: 0.0129144 | Y6: feb | AA6: 125 | AB6: 437.5 | AC6: 0.0129144 | AD6: 0.0129144
C7: NIVEL 970 | D7: SELLO | E7: 3 | F7: =Dumpadas[[#This Row],[punto]] & " "&Dumpadas[[#This Row],[jornada]]&" " & Dumpadas[[#This Row],[N°Acop]] & " " & TEXT(Dumpadas[[#This Row],[fecha ]], "dd-mm-yyyy") -> NIVEL 970 AM 3 24-12-2025 | G7: AM | H7: 46015 | I7: 3.5 | J7: 0.012 | K7: =+IF(Dumpadas[[#This Row],[ley]]>0.03,0.03,Dumpadas[[#This Row],[ley]]) -> 0.012 | M7: 28333 | P7: {=INDEX(Rangos!$E$3:$E$16,MATCH(1,(Dumpadas[[#This Row],[ley]]>=Rangos!$B$3:$B$16)*(Dumpadas[[#This Row],[ley]]<=Rangos!$C$3:$C$16),0))} -> D | S7: NIVEL 970 FRENTE AM 363 02-02-2026 | T7: 1 | U7: 3.5 | V7: 0.0179 | Z7: NIVEL 970 FRENTE AM 363 02-02-2026 | AA7: 1 | AB7: 3.5 | AC7: 0.0179 | AD7: 0.0179
C8: NIVEL 970 | D8: SELLO | E8: 4 | F8: =Dumpadas[[#This Row],[punto]] & " "&Dumpadas[[#This Row],[jornada]]&" " & Dumpadas[[#This Row],[N°Acop]] & " " & TEXT(Dumpadas[[#This Row],[fecha ]], "dd-mm-yyyy") -> NIVEL 970 AM 4 24-12-2025 | G8: AM | H8: 46015 | I8: 3.5 | J8: 0.012 | K8: =+IF(Dumpadas[[#This Row],[ley]]>0.03,0.03,Dumpadas[[#This Row],[ley]]) -> 0.012 | M8: 28333 | P8: {=INDEX(Rangos!$E$3:$E$16,MATCH(1,(Dumpadas[[#This Row],[ley]]>=Rangos!$B$3:$B$16)*(Dumpadas[[#This Row],[ley]]<=Rangos!$C$3:$C$16),0))} -> D | S8: NIVEL 970 FRENTE AM 364 02-02-2026 | T8: 1 | U8: 3.5 | V8: 0.0075 | Z8: NIVEL 970 FRENTE AM 364 02-02-2026 | AA8: 1 | AB8: 3.5 | AC8: 0.0075 | AD8: 0.0075
C9: NIVEL 970 | D9: SELLO | E9: 5 | F9: =Dumpadas[[#This Row],[punto]] & " "&Dumpadas[[#This Row],[jornada]]&" " & Dumpadas[[#This Row],[N°Acop]] & " " & TEXT(Dumpadas[[#This Row],[fecha ]], "dd-mm-yyyy") -> NIVEL 970 AM 5 24-12-2025 | G9: AM | H9: 46015 | I9: 3.5 | J9: 0.012 | K9: =+IF(Dumpadas[[#This Row],[ley]]>0.03,0.03,Dumpadas[[#This Row],[ley]]) -> 0.012 | M9: 28333 | P9: {=INDEX(Rangos!$E$3:$E$16,MATCH(1,(Dumpadas[[#This Row],[ley]]>=Rangos!$B$3:$B$16)*(Dumpadas[[#This Row],[ley]]<=Rangos!$C$3:$C$16),0))} -> D | S9: NIVEL 970 FRENTE AM 365 02-02-2026 | T9: 1 | U9: 3.5 | V9: 0.0132 | Z9: NIVEL 970 FRENTE AM 365 02-02-2026 | AA9: 1 | AB9: 3.5 | AC9: 0.0132 | AD9: 0.0132
C10: NIVEL 970 | D10: SELLO | E10: 6 | F10: =Dumpadas[[#This Row],[punto]] & " "&Dumpadas[[#This Row],[jornada]]&" " & Dumpadas[[#This Row],[N°Acop]] & " " & TEXT(Dumpadas[[#This Row],[fecha ]], "dd-mm-yyyy") -> NIVEL 970 AM 6 24-12-2025 | G10: AM | H10: 46015 | I10: 3.5 | J10: 0.012 | K10: =+IF(Dumpadas[[#This Row],[ley]]>0.03,0.03,Dumpadas[[#This Row],[ley]]) -> 0.012 | M10: 28333 | P10: {=INDEX(Rangos!$E$3:$E$16,MATCH(1,(Dumpadas[[#This Row],[ley]]>=Rangos!$B$3:$B$16)*(Dumpadas[[#This Row],[ley]]<=Rangos!$C$3:$C$16),0))} -> D | S10: NIVEL 970 FRENTE AM 366 02-02-2026 | T10: 1 | U10: 3.5 | V10: 0.0156 | Z10: NIVEL 970 FRENTE AM 366 02-02-2026 | AA10: 1 | AB10: 3.5 | AC10: 0.0156 | AD10: 0.0156
C11: NIVEL 970 | D11: SELLO | E11: 7 | F11: =Dumpadas[[#This Row],[punto]] & " "&Dumpadas[[#This Row],[jornada]]&" " & Dumpadas[[#This Row],[N°Acop]] & " " & TEXT(Dumpadas[[#This Row],[fecha ]], "dd-mm-yyyy") -> NIVEL 970 AM 7 26-12-2025 | G11: AM | H11: 46017 | I11: 3.5 | J11: 0.0163 | K11: =+IF(Dumpadas[[#This Row],[ley]]>0.03,0.03,Dumpadas[[#This Row],[ley]]) -> 0.0163 | M11: 28334 | P11: {=INDEX(Rangos!$E$3:$E$16,MATCH(1,(Dumpadas[[#This Row],[ley]]>=Rangos!$B$3:$B$16)*(Dumpadas[[#This Row],[ley]]<=Rangos!$C$3:$C$16),0))} -> F | S11: NIVEL 970 FRENTE AM 367 02-02-2026 | T11: 1 | U11: 3.5 | V11: 0.0083 | Z11: NIVEL 970 FRENTE AM 367 02-02-2026 | AA11: 1 | AB11: 3.5 | AC11: 0.0083 | AD11: 0.0083
C12: NIVEL 970 | D12: SELLO | E12: 8 | F12: =Dumpadas[[#This Row],[punto]] & " "&Dumpadas[[#This Row],[jornada]]&" " & Dumpadas[[#This Row],[N°Acop]] & " " & TEXT(Dumpadas[[#This Row],[fecha ]], "dd-mm-yyyy") -> NIVEL 970 AM 8 26-12-2025 | G12: AM | H12: 46017 | I12: 3.5 | J12: 0.0163 | K12: =+IF(Dumpadas[[#This Row],[ley]]>0.03,0.03,Dumpadas[[#This Row],[ley]]) -> 0.0163 | M12: 28334 | P12: {=INDEX(Rangos!$E$3:$E$16,MATCH(1,(Dumpadas[[#This Row],[ley]]>=Rangos!$B$3:$B$16)*(Dumpadas[[#This Row],[ley]]<=Rangos!$C$3:$C$16),0))} -> F | S12: NIVEL 970 FRENTE AM 368 02-02-2026 | T12: 1 | U12: 3.5 | V12: 0.012 | Z12: NIVEL 970 FRENTE AM 368 02-02-2026 | AA12: 1 | AB12: 3.5 | AC12: 0.012 | AD12: 0.012
C13: NIVEL 970 | D13: SELLO | E13: 9 | F13: =Dumpadas[[#This Row],[punto]] & " "&Dumpadas[[#This Row],[jornada]]&" " & Dumpadas[[#This Row],[N°Acop]] & " " & TEXT(Dumpadas[[#This Row],[fecha ]], "dd-mm-yyyy") -> NIVEL 970 AM 9 26-12-2025 | G13: AM | H13: 46017 | I13: 3.5 | J13: 0.0163 | K13: =+IF(Dumpadas[[#This Row],[ley]]>0.03,0.03,Dumpadas[[#This Row],[ley]]) -> 0.0163 | M13: 28334 | P13: {=INDEX(Rangos!$E$3:$E$16,MATCH(1,(Dumpadas[[#This Row],[ley]]>=Rangos!$B$3:$B$16)*(Dumpadas[[#This Row],[ley]]<=Rangos!$C$3:$C$16),0))} -> F | S13: NIVEL 970 FRENTE AM 369 02-02-2026 | T13: 1 | U13: 3.5 | V13: 0.0118 | Z13: NIVEL 970 FRENTE AM 369 02-02-2026 | AA13: 1 | AB13: 3.5 | AC13: 0.0118 | AD13: 0.0118
C14: NIVEL 970 | D14: SELLO | E14: 10 | F14: =Dumpadas[[#This Row],[punto]] & " "&Dumpadas[[#This Row],[jornada]]&" " & Dumpadas[[#This Row],[N°Acop]] & " " & TEXT(Dumpadas[[#This Row],[fecha ]], "dd-mm-yyyy") -> NIVEL 970 AM 10 26-12-2025 | G14: AM | H14: 46017 | I14: 3.5 | J14: 0.0163 | K14: =+IF(Dumpadas[[#This Row],[ley]]>0.03,0.03,Dumpadas[[#This Row],[ley]]) -> 0.0163 | M14: 28334 | P14: {=INDEX(Rangos!$E$3:$E$16,MATCH(1,(Dumpadas[[#This Row],[ley]]>=Rangos!$B$3:$B$16)*(Dumpadas[[#This Row],[ley]]<=Rangos!$C$3:$C$16),0))} -> F | S14: NIVEL 970 FRENTE PM 370 02-02-2026 | T14: 1 | U14: 3.5 | V14: 0.0157 | Z14: NIVEL 970 FRENTE PM 370 02-02-2026 | AA14: 1 | AB14: 3.5 | AC14: 0.0157 | AD14: 0.0157
C15: NIVEL 970 | D15: SELLO | E15: 11 | F15: =Dumpadas[[#This Row],[punto]] & " "&Dumpadas[[#This Row],[jornada]]&" " & Dumpadas[[#This Row],[N°Acop]] & " " & TEXT(Dumpadas[[#This Row],[fecha ]], "dd-mm-yyyy") -> NIVEL 970 AM 11 26-12-2025 | G15: AM | H15: 46017 | I15: 3.5 | J15: 0.0163 | K15: =+IF(Dumpadas[[#This Row],[ley]]>0.03,0.03,Dumpadas[[#This Row],[ley]]) -> 0.0163 | M15: 28334 | P15: {=INDEX(Rangos!$E$3:$E$16,MATCH(1,(Dumpadas[[#This Row],[ley]]>=Rangos!$B$3:$B$16)*(Dumpadas[[#This Row],[ley]]<=Rangos!$C$3:$C$16),0))} -> F | S15: NIVEL 970 FRENTE PM 371 02-02-2026 | T15: 1 | U15: 3.5 | V15: 0.0133 | Z15: NIVEL 970 FRENTE PM 371 02-02-2026 | AA15: 1 | AB15: 3.5 | AC15: 0.0133 | AD15: 0.0133
C16: NIVEL 970 | D16: SELLO | E16: 12 | F16: =Dumpadas[[#This Row],[punto]] & " "&Dumpadas[[#This Row],[jornada]]&" " & Dumpadas[[#This Row],[N°Acop]] & " " & TEXT(Dumpadas[[#This Row],[fecha ]], "dd-mm-yyyy") -> NIVEL 970 AM 12 26-12-2025 | G16: AM | H16: 46017 | I16: 3.5 | J16: 0.0163 | K16: =+IF(Dumpadas[[#This Row],[ley]]>0.03,0.03,Dumpadas[[#This Row],[ley]]) -> 0.0163 | M16: 28334 | P16: {=INDEX(Rangos!$E$3:$E$16,MATCH(1,(Dumpadas[[#This Row],[ley]]>=Rangos!$B$3:$B$16)*(Dumpadas[[#This Row],[ley]]<=Rangos!$C$3:$C$16),0))} -> F | S16: NIVEL 970 FRENTE PM 372 02-02-2026 | T16: 1 | U16: 3.5 | V16: 0.0178 | Z16: NIVEL 970 FRENTE PM 372 02-02-2026 | AA16: 1 | AB16: 3.5 | AC16: 0.0178 | AD16: 0.0178
C17: NIVEL 1018 REC | D17: REC | E17: 13 | F17: =Dumpadas[[#This Row],[punto]] & " "&Dumpadas[[#This Row],[jornada]]&" " & Dumpadas[[#This Row],[N°Acop]] & " " & TEXT(Dumpadas[[#This Row],[fecha ]], "dd-mm-yyyy") -> NIVEL 1018 REC AM 13 27-12-2025 | G17: AM | H17: 46018 | I17: 3.5 | J17: 0.02 | K17: =+IF(Dumpadas[[#This Row],[ley]]>0.03,0.03,Dumpadas[[#This Row],[ley]]) -> 0.02 | M17: 28341 | P17: {=INDEX(Rangos!$E$3:$E$16,MATCH(1,(Dumpadas[[#This Row],[ley]]>=Rangos!$B$3:$B$16)*(Dumpadas[[#This Row],[ley]]<=Rangos!$C$3:$C$16),0))} -> H | S17: NIVEL 970 FRENTE PM 373 02-02-2026 | T17: 1 | U17: 3.5 | V17: 0.0158 | Z17: NIVEL 970 FRENTE PM 373 02-02-2026 | AA17: 1 | AB17: 3.5 | AC17: 0.0158 | AD17: 0.0158
C18: NIVEL 1018 REC | D18: REC | E18: 14 | F18: =Dumpadas[[#This Row],[punto]] & " "&Dumpadas[[#This Row],[jornada]]&" " & Dumpadas[[#This Row],[N°Acop]] & " " & TEXT(Dumpadas[[#This Row],[fecha ]], "dd-mm-yyyy") -> NIVEL 1018 REC AM 14 27-12-2025 | G18: AM | H18: 46018 | I18: 3.5 | J18: 0.02 | K18: =+IF(Dumpadas[[#This Row],[ley]]>0.03,0.03,Dumpadas[[#This Row],[ley]]) -> 0.02 | M18: 28341 | P18: {=INDEX(Rangos!$E$3:$E$16,MATCH(1,(Dumpadas[[#This Row],[ley]]>=Rangos!$B$3:$B$16)*(Dumpadas[[#This Row],[ley]]<=Rangos!$C$3:$C$16),0))} -> H | S18: NIVEL 970 FRENTE PM 374 02-02-2026 | T18: 1 | U18: 3.5 | V18: 0.0237 | Z18: NIVEL 970 FRENTE PM 374 02-02-2026 | AA18: 1 | AB18: 3.5 | AC18: 0.0237 | AD18: 0.0237
... C131: NIVEL 1005 | D131: AFLOR | E131: 127 | F131: =Dumpadas[[#This Row],[punto]] & " "&Dumpadas[[#This Row],[jornada]]&" " & Dumpadas[[#This Row],[N°Acop]] & " " & TEXT(Dumpadas[[#This Row],[fecha ]], "dd-mm-yyyy") -> NIVEL 1005 PM 127 08-01-2026 | G131: PM | H131: 46030 | I131: 3.5 | J131: 0.0268 | K131: =+IF(Dumpadas[[#This Row],[ley]]>0.03,0.03,Dumpadas[[#This Row],[ley]]) -> 0.0268 | M131: 28388 | P131: {=INDEX(Rangos!$E$3:$E$16,MATCH(1,(Dumpadas[[#This Row],[ley]]>=Rangos!$B$3:$B$16)*(Dumpadas[[#This Row],[ley]]<=Rangos!$C$3:$C$16),0))} -> K | S131: NIVEL 970 FRENTE PM 487 18-02-2026 | T131: 1 | U131: 3.5 | V131: 0.0087 | Z131: NIVEL 970 FRENTE PM 487 18-02-2026 | AA131: 1 | AB131: 3.5 | AC131: 0.0087 | AD131: 0.0087
C132: NIVEL 1018 | D132: FRENTE | E132: 128 | F132: =Dumpadas[[#This Row],[punto]] & " "&Dumpadas[[#This Row],[jornada]]&" " & Dumpadas[[#This Row],[N°Acop]] & " " & TEXT(Dumpadas[[#This Row],[fecha ]], "dd-mm-yyyy") -> NIVEL 1018 AM 128 09-01-2026 | G132: AM | H132: 46031 | I132: 3.5 | J132: 0.0212 | K132: =+IF(Dumpadas[[#This Row],[ley]]>0.03,0.03,Dumpadas[[#This Row],[ley]]) -> 0.0212 | M132: 28390 | P132: {=INDEX(Rangos!$E$3:$E$16,MATCH(1,(Dumpadas[[#This Row],[ley]]>=Rangos!$B$3:$B$16)*(Dumpadas[[#This Row],[ley]]<=Rangos!$C$3:$C$16),0))} -> I | R132: mar | T132: 18 | U132: 57.6 | V132: 0.013455556 | Y132: mar | AA132: 18 | AB132: 57.6 | AC132: 0.013455556 | AD132: 0.013455556
C133: NIVEL 1018 | D133: FRENTE | E133: 129 | F133: =Dumpadas[[#This Row],[punto]] & " "&Dumpadas[[#This Row],[jornada]]&" " & Dumpadas[[#This Row],[N°Acop]] & " " & TEXT(Dumpadas[[#This Row],[fecha ]], "dd-mm-yyyy") -> NIVEL 1018 AM 129 09-01-2026 | G133: AM | H133: 46031 | I133: 3.5 | J133: 0.0261 | K133: =+IF(Dumpadas[[#This Row],[ley]]>0.03,0.03,Dumpadas[[#This Row],[ley]]) -> 0.0261 | M133: 28390 | P133: {=INDEX(Rangos!$E$3:$E$16,MATCH(1,(Dumpadas[[#This Row],[ley]]>=Rangos!$B$3:$B$16)*(Dumpadas[[#This Row],[ley]]<=Rangos!$C$3:$C$16),0))} -> K | S133: NIVEL 970 CONTRA AM 488 23-03-2026 | T133: 1 | U133: 3.2 | V133: 0.0103 | Z133: NIVEL 970 CONTRA AM 488 23-03-2026 | AA133: 1 | AB133: 3.2 | AC133: 0.0103 | AD133: 0.0103
C134: NIVEL 1018 | D134: FRENTE | E134: 130 | F134: =Dumpadas[[#This Row],[punto]] & " "&Dumpadas[[#This Row],[jornada]]&" " & Dumpadas[[#This Row],[N°Acop]] & " " & TEXT(Dumpadas[[#This Row],[fecha ]], "dd-mm-yyyy") -> NIVEL 1018 AM 130 09-01-2026 | G134: AM | H134: 46031 | I134: 3.5 | J134: 0.016 | K134: =+IF(Dumpadas[[#This Row],[ley]]>0.03,0.03,Dumpadas[[#This Row],[ley]]) -> 0.016 | M134: 28402 | P134: {=INDEX(Rangos!$E$3:$E$16,MATCH(1,(Dumpadas[[#This Row],[ley]]>=Rangos!$B$3:$B$16)*(Dumpadas[[#This Row],[ley]]<=Rangos!$C$3:$C$16),0))} -> F | S134: NIVEL 970 CONTRA AM 489 23-03-2026 | T134: 1 | U134: 3.2 | V134: 0.01 | Z134: NIVEL 970 CONTRA AM 489 23-03-2026 | AA134: 1 | AB134: 3.2 | AC134: 0.01 | AD134: 0.01
C135: NIVEL 1018 | D135: FRENTE | E135: 131 | F135: =Dumpadas[[#This Row],[punto]] & " "&Dumpadas[[#This Row],[jornada]]&" " & Dumpadas[[#This Row],[N°Acop]] & " " & TEXT(Dumpadas[[#This Row],[fecha ]], "dd-mm-yyyy") -> NIVEL 1018 AM 131 09-01-2026 | G135: AM | H135: 46031 | I135: 3.5 | J135: 0.0207 | K135: =+IF(Dumpadas[[#This Row],[ley]]>0.03,0.03,Dumpadas[[#This Row],[ley]]) -> 0.0207 | M135: 28402 | P135: {=INDEX(Rangos!$E$3:$E$16,MATCH(1,(Dumpadas[[#This Row],[ley]]>=Rangos!$B$3:$B$16)*(Dumpadas[[#This Row],[ley]]<=Rangos!$C$3:$C$16),0))} -> H | S135: NIVEL 970 CONTRA AM 490 23-03-2026 | T135: 1 | U135: 3.2 | V135: 0.0067 | Z135: NIVEL 970 CONTRA AM 490 23-03-2026 | AA135: 1 | AB135: 3.2 | AC135: 0.0067 | AD135: 0.0067
C136: NIVEL 1018 | D136: FRENTE | E136: 132 | F136: =Dumpadas[[#This Row],[punto]] & " "&Dumpadas[[#This Row],[jornada]]&" " & Dumpadas[[#This Row],[N°Acop]] & " " & TEXT(Dumpadas[[#This Row],[fecha ]], "dd-mm-yyyy") -> NIVEL 1018 AM 132 09-01-2026 | G136: AM | H136: 46031 | I136: 3.5 | J136: 0.0209 | K136: =+IF(Dumpadas[[#This Row],[ley]]>0.03,0.03,Dumpadas[[#This Row],[ley]]) -> 0.0209 | M136: 28402 | P136: {=INDEX(Rangos!$E$3:$E$16,MATCH(1,(Dumpadas[[#This Row],[ley]]>=Rangos!$B$3:$B$16)*(Dumpadas[[#This Row],[ley]]<=Rangos!$C$3:$C$16),0))} -> H | S136: NIVEL 970 CONTRA AM 491 24-03-2026 | T136: 1 | U136: 3.2 | V136: 0.0186 | Z136: NIVEL 970 CONTRA AM 491 24-03-2026 | AA136: 1 | AB136: 3.2 | AC136: 0.0186 | AD136: 0.0186
C137: NIVEL 1018 | D137: FRENTE | E137: 133 | F137: =Dumpadas[[#This Row],[punto]] & " "&Dumpadas[[#This Row],[jornada]]&" " & Dumpadas[[#This Row],[N°Acop]] & " " & TEXT(Dumpadas[[#This Row],[fecha ]], "dd-mm-yyyy") -> NIVEL 1018 AM 133 09-01-2026 | G137: AM | H137: 46031 | I137: 3.5 | J137: 0.0181 | K137: =+IF(Dumpadas[[#This Row],[ley]]>0.03,0.03,Dumpadas[[#This Row],[ley]]) -> 0.0181 | M137: 28402 | P137: {=INDEX(Rangos!$E$3:$E$16,MATCH(1,(Dumpadas[[#This Row],[ley]]>=Rangos!$B$3:$B$16)*(Dumpadas[[#This Row],[ley]]<=Rangos!$C$3:$C$16),0))} -> G | S137: NIVEL 970 CONTRA AM 492 24-03-2026 | T137: 1 | U137: 3.2 | V137: 0.0191 | Z137: NIVEL 970 CONTRA AM 492 24-03-2026 | AA137: 1 | AB137: 3.2 | AC137: 0.0191 | AD137: 0.0191
C138: NIVEL 1018 | D138: FRENTE | E138: 134 | F138: =Dumpadas[[#This Row],[punto]] & " "&Dumpadas[[#This Row],[jornada]]&" " & Dumpadas[[#This Row],[N°Acop]] & " " & TEXT(Dumpadas[[#This Row],[fecha ]], "dd-mm-yyyy") -> NIVEL 1018 AM 134 09-01-2026 | G138: AM | H138: 46031 | I138: 3.5 | J138: 0.0181 | K138: =+IF(Dumpadas[[#This Row],[ley]]>0.03,0.03,Dumpadas[[#This Row],[ley]]) -> 0.0181 | M138: 28402 | P138: {=INDEX(Rangos!$E$3:$E$16,MATCH(1,(Dumpadas[[#This Row],[ley]]>=Rangos!$B$3:$B$16)*(Dumpadas[[#This Row],[ley]]<=Rangos!$C$3:$C$16),0))} -> G | S138: NIVEL 970 CONTRA AM 493 24-03-2026 | T138: 1 | U138: 3.2 | V138: 0.0187 | Z138: NIVEL 970 CONTRA AM 493 24-03-2026 | AA138: 1 | AB138: 3.2 | AC138: 0.0187 | AD138: 0.0187
C139: NIVEL 1018 | D139: FRENTE | E139: 135 | F139: =Dumpadas[[#This Row],[punto]] & " "&Dumpadas[[#This Row],[jornada]]&" " & Dumpadas[[#This Row],[N°Acop]] & " " & TEXT(Dumpadas[[#This Row],[fecha ]], "dd-mm-yyyy") -> NIVEL 1018 AM 135 09-01-2026 | G139: AM | H139: 46031 | I139: 3.5 | J139: 0.0162 | K139: =+IF(Dumpadas[[#This Row],[ley]]>0.03,0.03,Dumpadas[[#This Row],[ley]]) -> 0.0162 | M139: 28402 | P139: {=INDEX(Rangos!$E$3:$E$16,MATCH(1,(Dumpadas[[#This Row],[ley]]>=Rangos!$B$3:$B$16)*(Dumpadas[[#This Row],[ley]]<=Rangos!$C$3:$C$16),0))} -> F | S139: NIVEL 970 CONTRA AM 494 24-03-2026 | T139: 1 | U139: 3.2 | V139: 0.0187 | Z139: NIVEL 970 CONTRA AM 494 24-03-2026 | AA139: 1 | AB139: 3.2 | AC139: 0.0187 | AD139: 0.0187
C140: NIVEL 1018 | D140: FRENTE | E140: 136 | F140: =Dumpadas[[#This Row],[punto]] & " "&Dumpadas[[#This Row],[jornada]]&" " & Dumpadas[[#This Row],[N°Acop]] & " " & TEXT(Dumpadas[[#This Row],[fecha ]], "dd-mm-yyyy") -> NIVEL 1018 AM 136 09-01-2026 | G140: AM | H140: 46031 | I140: 3.5 | J140: 0.0204 | K140: =+IF(Dumpadas[[#This Row],[ley]]>0.03,0.03,Dumpadas[[#This Row],[ley]]) -> 0.0204 | M140: 28402 | P140: {=INDEX(Rangos!$E$3:$E$16,MATCH(1,(Dumpadas[[#This Row],[ley]]>=Rangos!$B$3:$B$16)*(Dumpadas[[#This Row],[ley]]<=Rangos!$C$3:$C$16),0))} -> H | S140: NIVEL 970 CONTRA AM 495 24-03-2026 | T140: 1 | U140: 3.2 | V140: 0.0136 | Z140: NIVEL 970 CONTRA AM 495 24-03-2026 | AA140: 1 | AB140: 3.2 | AC140: 0.0136 | AD140: 0.0136
C141: NIVEL 1005 | D141: AFLOR | E141: 137 | F141: =Dumpadas[[#This Row],[punto]] & " "&Dumpadas[[#This Row],[jornada]]&" " & Dumpadas[[#This Row],[N°Acop]] & " " & TEXT(Dumpadas[[#This Row],[fecha ]], "dd-mm-yyyy") -> NIVEL 1005 AM 137 12-01-2026 | G141: AM | H141: 46034 | I141: 3.5 | J141: 0.0175 | K141: =+IF(Dumpadas[[#This Row],[ley]]>0.03,0.03,Dumpadas[[#This Row],[ley]]) -> 0.0175 | M141: 28402 | P141: {=INDEX(Rangos!$E$3:$E$16,MATCH(1,(Dumpadas[[#This Row],[ley]]>=Rangos!$B$3:$B$16)*(Dumpadas[[#This Row],[ley]]<=Rangos!$C$3:$C$16),0))} -> G | S141: NIVEL 970 CONTRA AM 496 24-03-2026 | T141: 1 | U141: 3.2 | V141: 0.0148 | Z141: NIVEL 970 CONTRA AM 496 24-03-2026 | AA141: 1 | AB141: 3.2 | AC141: 0.0148 | AD141: 0.0148
C142: NIVEL 1018 | D142: FRENTE | E142: 138 | F142: =Dumpadas[[#This Row],[punto]] & " "&Dumpadas[[#This Row],[jornada]]&" " & Dumpadas[[#This Row],[N°Acop]] & " " & TEXT(Dumpadas[[#This Row],[fecha ]], "dd-mm-yyyy") -> NIVEL 1018 AM 138 12-01-2026 | G142: AM | H142: 46034 | I142: 3.5 | J142: 0.0109 | K142: =+IF(Dumpadas[[#This Row],[ley]]>0.03,0.03,Dumpadas[[#This Row],[ley]]) -> 0.0109 | M142: 28403 | P142: {=INDEX(Rangos!$E$3:$E$16,MATCH(1,(Dumpadas[[#This Row],[ley]]>=Rangos!$B$3:$B$16)*(Dumpadas[[#This Row],[ley]]<=Rangos!$C$3:$C$16),0))} -> C | S142: NIVEL 970 CONTRA AM 497 24-03-2026 | T142: 1 | U142: 3.2 | V142: 0.0141 | Z142: NIVEL 970 CONTRA AM 497 24-03-2026 | AA142: 1 | AB142: 3.2 | AC142: 0.0141 | AD142: 0.0141
C143: NIVEL 1018 | D143: FRENTE | E143: 139 | F143: =Dumpadas[[#This Row],[punto]] & " "&Dumpadas[[#This Row],[jornada]]&" " & Dumpadas[[#This Row],[N°Acop]] & " " & TEXT(Dumpadas[[#This Row],[fecha ]], "dd-mm-yyyy") -> NIVEL 1018 AM 139 12-01-2026 | G143: AM | H143: 46034 | I143: 3.5 | J143: 0.0133 | K143: =+IF(Dumpadas[[#This Row],[ley]]>0.03,0.03,Dumpadas[[#This Row],[ley]]) -> 0.0133 | M143: 28403 | P143: {=INDEX(Rangos!$E$3:$E$16,MATCH(1,(Dumpadas[[#This Row],[ley]]>=Rangos!$B$3:$B$16)*(Dumpadas[[#This Row],[ley]]<=Rangos!$C$3:$C$16),0))} -> D | S143: NIVEL 970 CONTRA AM 498 24-03-2026 | T143: 1 | U143: 3.2 | V143: 0.0104 | Z143: NIVEL 970 CONTRA AM 498 24-03-2026 | AA143: 1 | AB143: 3.2 | AC143: 0.0104 | AD143: 0.0104
C144: NIVEL 1018 | D144: FRENTE | E144: 140 | F144: =Dumpadas[[#This Row],[punto]] & " "&Dumpadas[[#This Row],[jornada]]&" " & Dumpadas[[#This Row],[N°Acop]] & " " & TEXT(Dumpadas[[#This Row],[fecha ]], "dd-mm-yyyy") -> NIVEL 1018 AM 140 12-01-2026 | G144: AM | H144: 46034 | I144: 3.5 | J144: 0.0093 | K144: =+IF(Dumpadas[[#This Row],[ley]]>0.03,0.03,Dumpadas[[#This Row],[ley]]) -> 0.0093 | M144: 28403 | P144: {=INDEX(Rangos!$E$3:$E$16,MATCH(1,(Dumpadas[[#This Row],[ley]]>=Rangos!$B$3:$B$16)*(Dumpadas[[#This Row],[ley]]<=Rangos!$C$3:$C$16),0))} -> B | S144: NIVEL 970 CONTRA AM 499 31-03-2026 | T144: 1 | U144: 3.2 | V144: 0.0142 | Z144: NIVEL 970 CONTRA AM 499 31-03-2026 | AA144: 1 | AB144: 3.2 | AC144: 0.0142 | AD144: 0.0142
... C150: NIVEL 1005 AFLOR | D150: AFLOR | E150: 146 | F150: =Dumpadas[[#This Row],[punto]] & " "&Dumpadas[[#This Row],[jornada]]&" " & Dumpadas[[#This Row],[N°Acop]] & " " & TEXT(Dumpadas[[#This Row],[fecha ]], "dd-mm-yyyy") -> NIVEL 1005 AFLOR PM 146 12-01-2026 | G150: PM | H150: 46034 | I150: 3.5 | J150: 0.0233 | K150: =+IF(Dumpadas[[#This Row],[ley]]>0.03,0.03,Dumpadas[[#This Row],[ley]]) -> 0.0233 | M150: 28403 | P150: {=INDEX(Rangos!$E$3:$E$16,MATCH(1,(Dumpadas[[#This Row],[ley]]>=Rangos!$B$3:$B$16)*(Dumpadas[[#This Row],[ley]]<=Rangos!$C$3:$C$16),0))} -> J | S150: NIVEL 970 CONTRA AM 505 31-03-2026 | T150: 1 | U150: 3.2 | V150: 0.0072 | Z150: NIVEL 970 CONTRA AM 505 31-03-2026 | AA150: 1 | AB150: 3.2 | AC150: 0.0072 | AD150: 0.0072
C151: NIVEL 1005 AFLOR | D151: AFLOR | E151: 147 | F151: =Dumpadas[[#This Row],[punto]] & " "&Dumpadas[[#This Row],[jornada]]&" " & Dumpadas[[#This Row],[N°Acop]] & " " & TEXT(Dumpadas[[#This Row],[fecha ]], "dd-mm-yyyy") -> NIVEL 1005 AFLOR PM 147 12-01-2026 | G151: PM | H151: 46034 | I151: 3.5 | J151: 0.0249 | K151: =+IF(Dumpadas[[#This Row],[ley]]>0.03,0.03,Dumpadas[[#This Row],[ley]]) -> 0.0249 | M151: 28403 | P151: {=INDEX(Rangos!$E$3:$E$16,MATCH(1,(Dumpadas[[#This Row],[ley]]>=Rangos!$B$3:$B$16)*(Dumpadas[[#This Row],[ley]]<=Rangos!$C$3:$C$16),0))} -> J | R151: abr | T151: 690 | U151: 2208 | V151: 0.014367246 | Y151: abr | AA151: 690 | AB151: 2208 | AC151: 0.014367246 | AD151: 0.014217101
C152: NIVEL 1005 AFLOR | D152: AFLOR | E152: 148 | F152: =Dumpadas[[#This Row],[punto]] & " "&Dumpadas[[#This Row],[jornada]]&" " & Dumpadas[[#This Row],[N°Acop]] & " " & TEXT(Dumpadas[[#This Row],[fecha ]], "dd-mm-yyyy") -> NIVEL 1005 AFLOR PM 148 12-01-2026 | G152: PM | H152: 46034 | I152: 3.5 | J152: 0.0238 | K152: =+IF(Dumpadas[[#This Row],[ley]]>0.03,0.03,Dumpadas[[#This Row],[ley]]) -> 0.0238 | M152: 28403 | P152: {=INDEX(Rangos!$E$3:$E$16,MATCH(1,(Dumpadas[[#This Row],[ley]]>=Rangos!$B$3:$B$16)*(Dumpadas[[#This Row],[ley]]<=Rangos!$C$3:$C$16),0))} -> J | S152: NIVEL 968 CONTRA PM 506 01-04-2026 | T152: 1 | U152: 3.2 | V152: 0.0138 | Z152: NIVEL 968 CONTRA PM 506 01-04-2026 | AA152: 1 | AB152: 3.2 | AC152: 0.0138 | AD152: 0.0138
C153: NIVEL 1018 | D153: FRENTE | E153: 149 | F153: =Dumpadas[[#This Row],[punto]] & " "&Dumpadas[[#This Row],[jornada]]&" " & Dumpadas[[#This Row],[N°Acop]] & " " & TEXT(Dumpadas[[#This Row],[fecha ]], "dd-mm-yyyy") -> NIVEL 1018 PM 149 12-01-2026 | G153: PM | H153: 46034 | I153: 3.5 | J153: 0.0091 | K153: =+IF(Dumpadas[[#This Row],[ley]]>0.03,0.03,Dumpadas[[#This Row],[ley]]) -> 0.0091 | M153: 28405 | P153: {=INDEX(Rangos!$E$3:$E$16,MATCH(1,(Dumpadas[[#This Row],[ley]]>=Rangos!$B$3:$B$16)*(Dumpadas[[#This Row],[ley]]<=Rangos!$C$3:$C$16),0))} -> B | S153: NIVEL 968 CONTRA PM 507 01-04-2026 | T153: 1 | U153: 3.2 | V153: 0.0167 | Z153: NIVEL 968 CONTRA PM 507 01-04-2026 | AA153: 1 | AB153: 3.2 | AC153: 0.0167 | AD153: 0.0167
C154: NIVEL 1018 | D154: FRENTE | E154: 150 | F154: =Dumpadas[[#This Row],[punto]] & " "&Dumpadas[[#This Row],[jornada]]&" " & Dumpadas[[#This Row],[N°Acop]] & " " & TEXT(Dumpadas[[#This Row],[fecha ]], "dd-mm-yyyy") -> NIVEL 1018 PM 150 12-01-2026 | G154: PM | H154: 46034 | I154: 3.5 | J154: 0.0079 | K154: =+IF(Dumpadas[[#This Row],[ley]]>0.03,0.03,Dumpadas[[#This Row],[ley]]) -> 0.0079 | M154: 28405 | P154: {=INDEX(Rangos!$E$3:$E$16,MATCH(1,(Dumpadas[[#This Row],[ley]]>=Rangos!$B$3:$B$16)*(Dumpadas[[#This Row],[ley]]<=Rangos!$C$3:$C$16),0))} -> A | S154: NIVEL 968 CONTRA PM 508 01-04-2026 | T154: 1 | U154: 3.2 | V154: 0.0157 | Z154: NIVEL 968 CONTRA PM 508 01-04-2026 | AA154: 1 | AB154: 3.2 | AC154: 0.0157 | AD154: 0.0157
C155: NIVEL 1018 | D155: FRENTE | E155: 151 | F155: =Dumpadas[[#This Row],[punto]] & " "&Dumpadas[[#This Row],[jornada]]&" " & Dumpadas[[#This Row],[N°Acop]] & " " & TEXT(Dumpadas[[#This Row],[fecha ]], "dd-mm-yyyy") -> NIVEL 1018 PM 151 12-01-2026 | G155: PM | H155: 46034 | I155: 3.5 | J155: 0.0114 | K155: =+IF(Dumpadas[[#This Row],[ley]]>0.03,0.03,Dumpadas[[#This Row],[ley]]) -> 0.0114 | M155: 28405 | P155: {=INDEX(Rangos!$E$3:$E$16,MATCH(1,(Dumpadas[[#This Row],[ley]]>=Rangos!$B$3:$B$16)*(Dumpadas[[#This Row],[ley]]<=Rangos!$C$3:$C$16),0))} -> C | S155: NIVEL 968 CONTRA PM 509 01-04-2026 | T155: 1 | U155: 3.2 | V155: 0.0117 | Z155: NIVEL 968 CONTRA PM 509 01-04-2026 | AA155: 1 | AB155: 3.2 | AC155: 0.0117 | AD155: 0.0117
C156: NIVEL 1018 | D156: FRENTE | E156: 152 | F156: =Dumpadas[[#This Row],[punto]] & " "&Dumpadas[[#This Row],[jornada]]&" " & Dumpadas[[#This Row],[N°Acop]] & " " & TEXT(Dumpadas[[#This Row],[fecha ]], "dd-mm-yyyy") -> NIVEL 1018 PM 152 12-01-2026 | G156: PM | H156: 46034 | I156: 3.5 | J156: 0.0074 | K156: =+IF(Dumpadas[[#This Row],[ley]]>0.03,0.03,Dumpadas[[#This Row],[ley]]) -> 0.0074 | M156: 28405 | P156: {=INDEX(Rangos!$E$3:$E$16,MATCH(1,(Dumpadas[[#This Row],[ley]]>=Rangos!$B$3:$B$16)*(Dumpadas[[#This Row],[ley]]<=Rangos!$C$3:$C$16),0))} -> Reserva | S156: NIVEL 968 CONTRA PM 510 01-04-2026 | T156: 1 | U156: 3.2 | V156: 0.0131 | Z156: NIVEL 968 CONTRA PM 510 01-04-2026 | AA156: 1 | AB156: 3.2 | AC156: 0.0131 | AD156: 0.0131
C157: NIVEL 1018 | D157: FRENTE | E157: 153 | F157: =Dumpadas[[#This Row],[punto]] & " "&Dumpadas[[#This Row],[jornada]]&" " & Dumpadas[[#This Row],[N°Acop]] & " " & TEXT(Dumpadas[[#This Row],[fecha ]], "dd-mm-yyyy") -> NIVEL 1018 PM 153 12-01-2026 | G157: PM | H157: 46034 | I157: 3.5 | J157: 0.0166 | K157: =+IF(Dumpadas[[#This Row],[ley]]>0.03,0.03,Dumpadas[[#This Row],[ley]]) -> 0.0166 | M157: 28405 | P157: {=INDEX(Rangos!$E$3:$E$16,MATCH(1,(Dumpadas[[#This Row],[ley]]>=Rangos!$B$3:$B$16)*(Dumpadas[[#This Row],[ley]]<=Rangos!$C$3:$C$16),0))} -> F | S157: NIVEL 968 CONTRA PM 511 01-04-2026 | T157: 1 | U157: 3.2 | V157: 0.0249 | Z157: NIVEL 968 CONTRA PM 511 01-04-2026 | AA157: 1 | AB157: 3.2 | AC157: 0.0249 | AD157: 0.0249
C158: NIVEL 1018 | D158: FRENTE | E158: 154 | F158: =Dumpadas[[#This Row],[punto]] & " "&Dumpadas[[#This Row],[jornada]]&" " & Dumpadas[[#This Row],[N°Acop]] & " " & TEXT(Dumpadas[[#This Row],[fecha ]], "dd-mm-yyyy") -> NIVEL 1018 PM 154 12-01-2026 | G158: PM | H158: 46034 | I158: 3.5 | J158: 0.0111 | K158: =+IF(Dumpadas[[#This Row],[ley]]>0.03,0.03,Dumpadas[[#This Row],[ley]]) -> 0.0111 | M158: 28405 | P158: {=INDEX(Rangos!$E$3:$E$16,MATCH(1,(Dumpadas[[#This Row],[ley]]>=Rangos!$B$3:$B$16)*(Dumpadas[[#This Row],[ley]]<=Rangos!$C$3:$C$16),0))} -> C | S158: NIVEL 968 CONTRA PM 512 01-04-2026 | T158: 1 | U158: 3.2 | V158: 0.0123 | Z158: NIVEL 968 CONTRA PM 512 01-04-2026 | AA158: 1 | AB158: 3.2 | AC158: 0.0123 | AD158: 0.0123
C159: NIVEL 1018 | D159: FRENTE | E159: 155 | F159: =Dumpadas[[#This Row],[punto]] & " "&Dumpadas[[#This Row],[jornada]]&" " & Dumpadas[[#This Row],[N°Acop]] & " " & TEXT(Dumpadas[[#This Row],[fecha ]], "dd-mm-yyyy") -> NIVEL 1018 AM 155 13-01-2026 | G159: AM | H159: 46035 | I159: 3.5 | J159: 0.005 | K159: =+IF(Dumpadas[[#This Row],[ley]]>0.03,0.03,Dumpadas[[#This Row],[ley]]) -> 0.005 | M159: 28405 | P159: {=INDEX(Rangos!$E$3:$E$16,MATCH(1,(Dumpadas[[#This Row],[ley]]>=Rangos!$B$3:$B$16)*(Dumpadas[[#This Row],[ley]]<=Rangos!$C$3:$C$16),0))} -> Descarte | S159: NIVEL 968 CONTRA PM 513 01-04-2026 | T159: 1 | U159: 3.2 | V159: 0.0091 | Z159: NIVEL 968 CONTRA PM 513 01-04-2026 | AA159: 1 | AB159: 3.2 | AC159: 0.0091 | AD159: 0.0091
C160: NIVEL 1018 | D160: FRENTE | E160: 156 | F160: =Dumpadas[[#This Row],[punto]] & " "&Dumpadas[[#This Row],[jornada]]&" " & Dumpadas[[#This Row],[N°Acop]] & " " & TEXT(Dumpadas[[#This Row],[fecha ]], "dd-mm-yyyy") -> NIVEL 1018 AM 156 13-01-2026 | G160: AM | H160: 46035 | I160: 3.5 | J160: 0.0137 | K160: =+IF(Dumpadas[[#This Row],[ley]]>0.03,0.03,Dumpadas[[#This Row],[ley]]) -> 0.0137 | M160: 28405 | P160: {=INDEX(Rangos!$E$3:$E$16,MATCH(1,(Dumpadas[[#This Row],[ley]]>=Rangos!$B$3:$B$16)*(Dumpadas[[#This Row],[ley]]<=Rangos!$C$3:$C$16),0))} -> E | S160: NIVEL 968 CONTRA PM 514 02-04-2026 | T160: 1 | U160: 3.2 | V160: 0.0168 | Z160: NIVEL 968 CONTRA PM 514 02-04-2026 | AA160: 1 | AB160: 3.2 | AC160: 0.0168 | AD160: 0.0168
C161: NIVEL 1018 | D161: FRENTE | E161: 157 | F161: =Dumpadas[[#This Row],[punto]] & " "&Dumpadas[[#This Row],[jornada]]&" " & Dumpadas[[#This Row],[N°Acop]] & " " & TEXT(Dumpadas[[#This Row],[fecha ]], "dd-mm-yyyy") -> NIVEL 1018 AM 157 13-01-2026 | G161: AM | H161: 46035 | I161: 3.5 | J161: 0.0083 | K161: =+IF(Dumpadas[[#This Row],[ley]]>0.03,0.03,Dumpadas[[#This Row],[ley]]) -> 0.0083 | M161: 28405 | P161: {=INDEX(Rangos!$E$3:$E$16,MATCH(1,(Dumpadas[[#This Row],[ley]]>=Rangos!$B$3:$B$16)*(Dumpadas[[#This Row],[ley]]<=Rangos!$C$3:$C$16),0))} -> A | S161: NIVEL 968 CONTRA PM 515 02-04-2026 | T161: 1 | U161: 3.2 | V161: 0.0236 | Z161: NIVEL 968 CONTRA PM 515 02-04-2026 | AA161: 1 | AB161: 3.2 | AC161: 0.0236 | AD161: 0.0236
C162: NIVEL 1018 | D162: FRENTE | E162: 158 | F162: =Dumpadas[[#This Row],[punto]] & " "&Dumpadas[[#This Row],[jornada]]&" " & Dumpadas[[#This Row],[N°Acop]] & " " & TEXT(Dumpadas[[#This Row],[fecha ]], "dd-mm-yyyy") -> NIVEL 1018 AM 158 13-01-2026 | G162: AM | H162: 46035 | I162: 3.5 | J162: 0.0052 | K162: =+IF(Dumpadas[[#This Row],[ley]]>0.03,0.03,Dumpadas[[#This Row],[ley]]) -> 0.0052 | M162: 28405 | P162: {=INDEX(Rangos!$E$3:$E$16,MATCH(1,(Dumpadas[[#This Row],[ley]]>=Rangos!$B$3:$B$16)*(Dumpadas[[#This Row],[ley]]<=Rangos!$C$3:$C$16),0))} -> Descarte | S162: NIVEL 968 CONTRA PM 516 02-04-2026 | T162: 1 | U162: 3.2 | V162: 0.0251 | Z162: NIVEL 968 CONTRA PM 516 02-04-2026 | AA162: 1 | AB162: 3.2 | AC162: 0.0251 | AD162: 0.0251
C163: NIVEL 1018 | D163: FRENTE | E163: 159 | F163: =Dumpadas[[#This Row],[punto]] & " "&Dumpadas[[#This Row],[jornada]]&" " & Dumpadas[[#This Row],[N°Acop]] & " " & TEXT(Dumpadas[[#This Row],[fecha ]], "dd-mm-yyyy") -> NIVEL 1018 PM 159 13-01-2026 | G163: PM | H163: 46035 | I163: 3.5 | J163: 0.0158 | K163: =+IF(Dumpadas[[#This Row],[ley]]>0.03,0.03,Dumpadas[[#This Row],[ley]]) -> 0.0158 | M163: 28416 | P163: {=INDEX(Rangos!$E$3:$E$16,MATCH(1,(Dumpadas[[#This Row],[ley]]>=Rangos!$B$3:$B$16)*(Dumpadas[[#This Row],[ley]]<=Rangos!$C$3:$C$16),0))} -> F | S163: NIVEL 968 CONTRA PM 517 02-04-2026 | T163: 1 | U163: 3.2 | V163: 0.0148 | Z163: NIVEL 968 CONTRA PM 517 02-04-2026 | AA163: 1 | AB163: 3.2 | AC163: 0.0148 | AD163: 0.0148
... C491: NIVEL 970 | D491: FRENTE | E491: 487 | F491: =Dumpadas[[#This Row],[punto]] & " "&Dumpadas[[#This Row],[jornada]]&" " & Dumpadas[[#This Row],[N°Acop]] & " " & TEXT(Dumpadas[[#This Row],[fecha ]], "dd-mm-yyyy") -> NIVEL 970 PM 487 18-02-2026 | G491: PM | H491: 46071 | I491: 3.5 | J491: 0.0087 | K491: =+IF(Dumpadas[[#This Row],[ley]]>0.03,0.03,Dumpadas[[#This Row],[ley]]) -> 0.0087 | M491: 28634 | P491: {=INDEX(Rangos!$E$3:$E$16,MATCH(1,(Dumpadas[[#This Row],[ley]]>=Rangos!$B$3:$B$16)*(Dumpadas[[#This Row],[ley]]<=Rangos!$C$3:$C$16),0))} -> A | S491: NIVEL 974 M4 7S T.PM 845 17-04-2026 | T491: 1 | U491: 3.2 | V491: 0.0095 | Z491: NIVEL 974 M4 7S T.PM 845 17-04-2026 | AA491: 1 | AB491: 3.2 | AC491: 0.0095 | AD491: 0.0095
C492: NIVEL 970 CONTRA | D492: CONTRA | E492: 488 | F492: =Dumpadas[[#This Row],[punto]] & " "&Dumpadas[[#This Row],[jornada]]&" " & Dumpadas[[#This Row],[N°Acop]] & " " & TEXT(Dumpadas[[#This Row],[fecha ]], "dd-mm-yyyy") -> NIVEL 970 CONTRA AM 488 23-03-2026 | G492: AM | H492: 46104 | I492: 3.2 | J492: 0.0103 | K492: =+IF(Dumpadas[[#This Row],[ley]]>0.03,0.03,Dumpadas[[#This Row],[ley]]) -> 0.0103 | L492: 0.0006 | M492: 28771 | P492: {=INDEX(Rangos!$E$3:$E$16,MATCH(1,(Dumpadas[[#This Row],[ley]]>=Rangos!$B$3:$B$16)*(Dumpadas[[#This Row],[ley]]<=Rangos!$C$3:$C$16),0))} -> B | S492: NIVEL 974 M4 7S T.PM 846 17-04-2026 | T492: 1 | U492: 3.2 | V492: 0.012 | Z492: NIVEL 974 M4 7S T.PM 846 17-04-2026 | AA492: 1 | AB492: 3.2 | AC492: 0.012 | AD492: 0.012
C493: NIVEL 970 CONTRA | D493: CONTRA | E493: 489 | F493: =Dumpadas[[#This Row],[punto]] & " "&Dumpadas[[#This Row],[jornada]]&" " & Dumpadas[[#This Row],[N°Acop]] & " " & TEXT(Dumpadas[[#This Row],[fecha ]], "dd-mm-yyyy") -> NIVEL 970 CONTRA AM 489 23-03-2026 | G493: AM | H493: 46104 | I493: 3.2 | J493: 0.01 | K493: =+IF(Dumpadas[[#This Row],[ley]]>0.03,0.03,Dumpadas[[#This Row],[ley]]) -> 0.01 | L493: 0.0005 | M493: 28771 | P493: {=INDEX(Rangos!$E$3:$E$16,MATCH(1,(Dumpadas[[#This Row],[ley]]>=Rangos!$B$3:$B$16)*(Dumpadas[[#This Row],[ley]]<=Rangos!$C$3:$C$16),0))} -> B | S493: NIVEL 974 M4 7S T.PM 847 17-04-2026 | T493: 1 | U493: 3.2 | V493: 0.0119 | Z493: NIVEL 974 M4 7S T.PM 847 17-04-2026 | AA493: 1 | AB493: 3.2 | AC493: 0.0119 | AD493: 0.0119
C494: NIVEL 970 CONTRA | D494: CONTRA | E494: 490 | F494: =Dumpadas[[#This Row],[punto]] & " "&Dumpadas[[#This Row],[jornada]]&" " & Dumpadas[[#This Row],[N°Acop]] & " " & TEXT(Dumpadas[[#This Row],[fecha ]], "dd-mm-yyyy") -> NIVEL 970 CONTRA AM 490 23-03-2026 | G494: AM | H494: 46104 | I494: 3.2 | J494: 0.0067 | K494: =+IF(Dumpadas[[#This Row],[ley]]>0.03,0.03,Dumpadas[[#This Row],[ley]]) -> 0.0067 | L494: 0.0004 | M494: 28771 | P494: {=INDEX(Rangos!$E$3:$E$16,MATCH(1,(Dumpadas[[#This Row],[ley]]>=Rangos!$B$3:$B$16)*(Dumpadas[[#This Row],[ley]]<=Rangos!$C$3:$C$16),0))} -> Reserva | S494: NIVEL 974 M4 7S T.PM 848 17-04-2026 | T494: 1 | U494: 3.2 | V494: 0.0109 | Z494: NIVEL 974 M4 7S T.PM 848 17-04-2026 | AA494: 1 | AB494: 3.2 | AC494: 0.0109 | AD494: 0.0109
C495: NIVEL 970 CONTRA | D495: CONTRA | E495: 491 | F495: =Dumpadas[[#This Row],[punto]] & " "&Dumpadas[[#This Row],[jornada]]&" " & Dumpadas[[#This Row],[N°Acop]] & " " & TEXT(Dumpadas[[#This Row],[fecha ]], "dd-mm-yyyy") -> NIVEL 970 CONTRA AM 491 24-03-2026 | G495: AM | H495: 46105 | I495: 3.2 | J495: 0.0186 | K495: =+IF(Dumpadas[[#This Row],[ley]]>0.03,0.03,Dumpadas[[#This Row],[ley]]) -> 0.0186 | L495: 0.0008 | M495: 28781 | P495: {=INDEX(Rangos!$E$3:$E$16,MATCH(1,(Dumpadas[[#This Row],[ley]]>=Rangos!$B$3:$B$16)*(Dumpadas[[#This Row],[ley]]<=Rangos!$C$3:$C$16),0))} -> G | S495: NIVEL 974 M4 7S T.PM 849 17-04-2026 | T495: 1 | U495: 3.2 | V495: 0.0076 | Z495: NIVEL 974 M4 7S T.PM 849 17-04-2026 | AA495: 1 | AB495: 3.2 | AC495: 0.0076 | AD495: 0.0076
C496: NIVEL 970 CONTRA | D496: CONTRA | E496: 492 | F496: =Dumpadas[[#This Row],[punto]] & " "&Dumpadas[[#This Row],[jornada]]&" " & Dumpadas[[#This Row],[N°Acop]] & " " & TEXT(Dumpadas[[#This Row],[fecha ]], "dd-mm-yyyy") -> NIVEL 970 CONTRA AM 492 24-03-2026 | G496: AM | H496: 46105 | I496: 3.2 | J496: 0.0191 | K496: =+IF(Dumpadas[[#This Row],[ley]]>0.03,0.03,Dumpadas[[#This Row],[ley]]) -> 0.0191 | L496: 0.0007 | M496: 28781 | P496: {=INDEX(Rangos!$E$3:$E$16,MATCH(1,(Dumpadas[[#This Row],[ley]]>=Rangos!$B$3:$B$16)*(Dumpadas[[#This Row],[ley]]<=Rangos!$C$3:$C$16),0))} -> H | S496: NIVEL 974 M4 7S T.PM 850 17-04-2026 | T496: 1 | U496: 3.2 | V496: 0.0132 | Z496: NIVEL 974 M4 7S T.PM 850 17-04-2026 | AA496: 1 | AB496: 3.2 | AC496: 0.0132 | AD496: 0.0132
C497: NIVEL 970 CONTRA | D497: CONTRA | E497: 493 | F497: =Dumpadas[[#This Row],[punto]] & " "&Dumpadas[[#This Row],[jornada]]&" " & Dumpadas[[#This Row],[N°Acop]] & " " & TEXT(Dumpadas[[#This Row],[fecha ]], "dd-mm-yyyy") -> NIVEL 970 CONTRA AM 493 24-03-2026 | G497: AM | H497: 46105 | I497: 3.2 | J497: 0.0187 | K497: =+IF(Dumpadas[[#This Row],[ley]]>0.03,0.03,Dumpadas[[#This Row],[ley]]) -> 0.0187 | L497: 0.0007 | M497: 28781 | P497: {=INDEX(Rangos!$E$3:$E$16,MATCH(1,(Dumpadas[[#This Row],[ley]]>=Rangos!$B$3:$B$16)*(Dumpadas[[#This Row],[ley]]<=Rangos!$C$3:$C$16),0))} -> G | S497: NIVEL 974 M4 7S T.PM 851 17-04-2026 | T497: 1 | U497: 3.2 | V497: 0.0083 | Z497: NIVEL 974 M4 7S T.PM 851 17-04-2026 | AA497: 1 | AB497: 3.2 | AC497: 0.0083 | AD497: 0.0083
C498: NIVEL 970 CONTRA | D498: CONTRA | E498: 494 | F498: =Dumpadas[[#This Row],[punto]] & " "&Dumpadas[[#This Row],[jornada]]&" " & Dumpadas[[#This Row],[N°Acop]] & " " & TEXT(Dumpadas[[#This Row],[fecha ]], "dd-mm-yyyy") -> NIVEL 970 CONTRA AM 494 24-03-2026 | G498: AM | H498: 46105 | I498: 3.2 | J498: 0.0187 | K498: =+IF(Dumpadas[[#This Row],[ley]]>0.03,0.03,Dumpadas[[#This Row],[ley]]) -> 0.0187 | L498: 0.0008 | M498: 28781 | P498: {=INDEX(Rangos!$E$3:$E$16,MATCH(1,(Dumpadas[[#This Row],[ley]]>=Rangos!$B$3:$B$16)*(Dumpadas[[#This Row],[ley]]<=Rangos!$C$3:$C$16),0))} -> G | S498: NIVEL 974 M4 7S T.PM 852 17-04-2026 | T498: 1 | U498: 3.2 | V498: 0.0138 | Z498: NIVEL 974 M4 7S T.PM 852 17-04-2026 | AA498: 1 | AB498: 3.2 | AC498: 0.0138 | AD498: 0.0138
C499: NIVEL 970 CONTRA | D499: CONTRA | E499: 495 | F499: =Dumpadas[[#This Row],[punto]] & " "&Dumpadas[[#This Row],[jornada]]&" " & Dumpadas[[#This Row],[N°Acop]] & " " & TEXT(Dumpadas[[#This Row],[fecha ]], "dd-mm-yyyy") -> NIVEL 970 CONTRA AM 495 24-03-2026 | G499: AM | H499: 46105 | I499: 3.2 | J499: 0.0136 | K499: =+IF(Dumpadas[[#This Row],[ley]]>0.03,0.03,Dumpadas[[#This Row],[ley]]) -> 0.0136 | L499: 0.0005 | M499: 28781 | P499: {=INDEX(Rangos!$E$3:$E$16,MATCH(1,(Dumpadas[[#This Row],[ley]]>=Rangos!$B$3:$B$16)*(Dumpadas[[#This Row],[ley]]<=Rangos!$C$3:$C$16),0))} -> E | S499: NIVEL 974 M4 7S T.PM 853 17-04-2026 | T499: 1 | U499: 3.2 | V499: 0.0076 | Z499: NIVEL 974 M4 7S T.PM 853 17-04-2026 | AA499: 1 | AB499: 3.2 | AC499: 0.0076 | AD499: 0.0076
C500: NIVEL 970 CONTRA | D500: CONTRA | E500: 496 | F500: =Dumpadas[[#This Row],[punto]] & " "&Dumpadas[[#This Row],[jornada]]&" " & Dumpadas[[#This Row],[N°Acop]] & " " & TEXT(Dumpadas[[#This Row],[fecha ]], "dd-mm-yyyy") -> NIVEL 970 CONTRA AM 496 24-03-2026 | G500: AM | H500: 46105 | I500: 3.2 | J500: 0.0148 | K500: =+IF(Dumpadas[[#This Row],[ley]]>0.03,0.03,Dumpadas[[#This Row],[ley]]) -> 0.0148 | L500: 0.0007 | M500: 28781 | P500: {=INDEX(Rangos!$E$3:$E$16,MATCH(1,(Dumpadas[[#This Row],[ley]]>=Rangos!$B$3:$B$16)*(Dumpadas[[#This Row],[ley]]<=Rangos!$C$3:$C$16),0))} -> E | S500: NIVEL 974 REMANENTE T.PM 854 17-04-2026 | T500: 1 | U500: 3.2 | V500: 0.0103 | Z500: NIVEL 974 REMANENTE T.PM 854 17-04-2026 | AA500: 1 | AB500: 3.2 | AC500: 0.0103 | AD500: 0.0103
C501: NIVEL 970 CONTRA | D501: CONTRA | E501: 497 | F501: =Dumpadas[[#This Row],[punto]] & " "&Dumpadas[[#This Row],[jornada]]&" " & Dumpadas[[#This Row],[N°Acop]] & " " & TEXT(Dumpadas[[#This Row],[fecha ]], "dd-mm-yyyy") -> NIVEL 970 CONTRA AM 497 24-03-2026 | G501: AM | H501: 46105 | I501: 3.2 | J501: 0.0141 | K501: =+IF(Dumpadas[[#This Row],[ley]]>0.03,0.03,Dumpadas[[#This Row],[ley]]) -> 0.0141 | L501: 0.0006 | M501: 28781 | P501: {=INDEX(Rangos!$E$3:$E$16,MATCH(1,(Dumpadas[[#This Row],[ley]]>=Rangos!$B$3:$B$16)*(Dumpadas[[#This Row],[ley]]<=Rangos!$C$3:$C$16),0))} -> E | S501: NIVEL 974 REMANENTE T.PM 855 17-04-2026 | T501: 1 | U501: 3.2 | V501: 0.0097 | Z501: NIVEL 974 REMANENTE T.PM 855 17-04-2026 | AA501: 1 | AB501: 3.2 | AC501: 0.0097 | AD501: 0.0097
C502: NIVEL 970 CONTRA | D502: CONTRA | E502: 498 | F502: =Dumpadas[[#This Row],[punto]] & " "&Dumpadas[[#This Row],[jornada]]&" " & Dumpadas[[#This Row],[N°Acop]] & " " & TEXT(Dumpadas[[#This Row],[fecha ]], "dd-mm-yyyy") -> NIVEL 970 CONTRA AM 498 24-03-2026 | G502: AM | H502: 46105 | I502: 3.2 | J502: 0.0104 | K502: =+IF(Dumpadas[[#This Row],[ley]]>0.03,0.03,Dumpadas[[#This Row],[ley]]) -> 0.0104 | L502: 0.0004 | M502: 28781 | P502: {=INDEX(Rangos!$E$3:$E$16,MATCH(1,(Dumpadas[[#This Row],[ley]]>=Rangos!$B$3:$B$16)*(Dumpadas[[#This Row],[ley]]<=Rangos!$C$3:$C$16),0))} -> B | S502: NIVEL 974 REMANENTE T.PM 856 17-04-2026 | T502: 1 | U502: 3.2 | V502: 0.0094 | Z502: NIVEL 974 REMANENTE T.PM 856 17-04-2026 | AA502: 1 | AB502: 3.2 | AC502: 0.0094 | AD502: 0.0094
C503: NIVEL 970 CONTRA | D503: CONTRA | E503: 499 | F503: =Dumpadas[[#This Row],[punto]] & " "&Dumpadas[[#This Row],[jornada]]&" " & Dumpadas[[#This Row],[N°Acop]] & " " & TEXT(Dumpadas[[#This Row],[fecha ]], "dd-mm-yyyy") -> NIVEL 970 CONTRA AM 499 31-03-2026 | G503: AM | H503: 46112 | I503: 3.2 | J503: 0.0142 | K503: =+IF(Dumpadas[[#This Row],[ley]]>0.03,0.03,Dumpadas[[#This Row],[ley]]) -> 0.0142 | L503: 0.0008 | M503: 28810 | P503: {=INDEX(Rangos!$E$3:$E$16,MATCH(1,(Dumpadas[[#This Row],[ley]]>=Rangos!$B$3:$B$16)*(Dumpadas[[#This Row],[ley]]<=Rangos!$C$3:$C$16),0))} -> E | S503: NIVEL 974 REMANENTE T.PM 857 17-04-2026 | T503: 1 | U503: 3.2 | V503: 0.0104 | Z503: NIVEL 974 REMANENTE T.PM 857 17-04-2026 | AA503: 1 | AB503: 3.2 | AC503: 0.0104 | AD503: 0.0104
... C579: NIVEL 974 REC | D579: REC | E579: 575 | F579: =Dumpadas[[#This Row],[punto]] & " "&Dumpadas[[#This Row],[jornada]]&" " & Dumpadas[[#This Row],[N°Acop]] & " " & TEXT(Dumpadas[[#This Row],[fecha ]], "dd-mm-yyyy") -> NIVEL 974 REC AM 575 08-04-2026 | G579: AM | H579: 46120 | I579: 3.2 | J579: 0.0107 | K579: =+IF(Dumpadas[[#This Row],[ley]]>0.03,0.03,Dumpadas[[#This Row],[ley]]) -> 0.0107 | L579: 0.0156 | M579: 288842 | P579: {=INDEX(Rangos!$E$3:$E$16,MATCH(1,(Dumpadas[[#This Row],[ley]]>=Rangos!$B$3:$B$16)*(Dumpadas[[#This Row],[ley]]<=Rangos!$C$3:$C$16),0))} -> C | S579: NIVEL 974 M4 7S L31 T.PM 933 21-04-2026 | T579: 1 | U579: 3.2 | V579: 0.0177 | Z579: NIVEL 974 M4 7S L31 T.PM 933 21-04-2026 | AA579: 1 | AB579: 3.2 | AC579: 0.0177 | AD579: 0.0177
C580: NIVEL 968 CONTRA | D580: CONTRA | E580: 576 | F580: =Dumpadas[[#This Row],[punto]] & " "&Dumpadas[[#This Row],[jornada]]&" " & Dumpadas[[#This Row],[N°Acop]] & " " & TEXT(Dumpadas[[#This Row],[fecha ]], "dd-mm-yyyy") -> NIVEL 968 CONTRA PM 576 08-04-2026 | G580: PM | H580: 46120 | I580: 3.2 | J580: 0.0127 | K580: =+IF(Dumpadas[[#This Row],[ley]]>0.03,0.03,Dumpadas[[#This Row],[ley]]) -> 0.0127 | M580: 28845 | P580: {=INDEX(Rangos!$E$3:$E$16,MATCH(1,(Dumpadas[[#This Row],[ley]]>=Rangos!$B$3:$B$16)*(Dumpadas[[#This Row],[ley]]<=Rangos!$C$3:$C$16),0))} -> D | S580: NIVEL 974 M4 7S L31 T.PM 934 21-04-2026 | T580: 1 | U580: 3.2 | V580: 0.0183 | Z580: NIVEL 974 M4 7S L31 T.PM 934 21-04-2026 | AA580: 1 | AB580: 3.2 | AC580: 0.0183 | AD580: 0.0183
C581: NIVEL 968 CONTRA | D581: CONTRA | E581: 577 | F581: =Dumpadas[[#This Row],[punto]] & " "&Dumpadas[[#This Row],[jornada]]&" " & Dumpadas[[#This Row],[N°Acop]] & " " & TEXT(Dumpadas[[#This Row],[fecha ]], "dd-mm-yyyy") -> NIVEL 968 CONTRA PM 577 08-04-2026 | G581: PM | H581: 46120 | I581: 3.2 | J581: 0.0081 | K581: =+IF(Dumpadas[[#This Row],[ley]]>0.03,0.03,Dumpadas[[#This Row],[ley]]) -> 0.0081 | M581: 28845 | P581: {=INDEX(Rangos!$E$3:$E$16,MATCH(1,(Dumpadas[[#This Row],[ley]]>=Rangos!$B$3:$B$16)*(Dumpadas[[#This Row],[ley]]<=Rangos!$C$3:$C$16),0))} -> A | S581: NIVEL 974 M4 6N RP T.PM 935 22-04-2026 | T581: 1 | U581: 3.2 | V581: 0.0248 | Z581: NIVEL 974 M4 6N RP T.PM 935 22-04-2026 | AA581: 1 | AB581: 3.2 | AC581: 0.0248 | AD581: 0.0248
C582: NIVEL 968 CONTRA | D582: CONTRA | E582: 578 | F582: =Dumpadas[[#This Row],[punto]] & " "&Dumpadas[[#This Row],[jornada]]&" " & Dumpadas[[#This Row],[N°Acop]] & " " & TEXT(Dumpadas[[#This Row],[fecha ]], "dd-mm-yyyy") -> NIVEL 968 CONTRA PM 578 08-04-2026 | G582: PM | H582: 46120 | I582: 3.2 | J582: 0.0078 | K582: =+IF(Dumpadas[[#This Row],[ley]]>0.03,0.03,Dumpadas[[#This Row],[ley]]) -> 0.0078 | M582: 28845 | P582: {=INDEX(Rangos!$E$3:$E$16,MATCH(1,(Dumpadas[[#This Row],[ley]]>=Rangos!$B$3:$B$16)*(Dumpadas[[#This Row],[ley]]<=Rangos!$C$3:$C$16),0))} -> A | S582: NIVEL 974 M4 6N RP T.PM 936 22-04-2026 | T582: 1 | U582: 3.2 | V582: 0.0139 | Z582: NIVEL 974 M4 6N RP T.PM 936 22-04-2026 | AA582: 1 | AB582: 3.2 | AC582: 0.0139 | AD582: 0.0139
C583: NIVEL 968 CONTRA | D583: CONTRA | E583: 579 | F583: =Dumpadas[[#This Row],[punto]] & " "&Dumpadas[[#This Row],[jornada]]&" " & Dumpadas[[#This Row],[N°Acop]] & " " & TEXT(Dumpadas[[#This Row],[fecha ]], "dd-mm-yyyy") -> NIVEL 968 CONTRA PM 579 08-04-2026 | G583: PM | H583: 46120 | I583: 3.2 | J583: 0.0096 | K583: =+IF(Dumpadas[[#This Row],[ley]]>0.03,0.03,Dumpadas[[#This Row],[ley]]) -> 0.0096 | M583: 28845 | P583: {=INDEX(Rangos!$E$3:$E$16,MATCH(1,(Dumpadas[[#This Row],[ley]]>=Rangos!$B$3:$B$16)*(Dumpadas[[#This Row],[ley]]<=Rangos!$C$3:$C$16),0))} -> B | S583: NIVEL 974 M4 6N RP T.PM 937 22-04-2026 | T583: 1 | U583: 3.2 | V583: 0.0138 | Z583: NIVEL 974 M4 6N RP T.PM 937 22-04-2026 | AA583: 1 | AB583: 3.2 | AC583: 0.0138 | AD583: 0.0138
C584: NIVEL 968 CONTRA | D584: CONTRA | E584: 580 | F584: =Dumpadas[[#This Row],[punto]] & " "&Dumpadas[[#This Row],[jornada]]&" " & Dumpadas[[#This Row],[N°Acop]] & " " & TEXT(Dumpadas[[#This Row],[fecha ]], "dd-mm-yyyy") -> NIVEL 968 CONTRA PM 580 08-04-2026 | G584: PM | H584: 46120 | I584: 3.2 | J584: 0.0097 | K584: =+IF(Dumpadas[[#This Row],[ley]]>0.03,0.03,Dumpadas[[#This Row],[ley]]) -> 0.0097 | M584: 28845 | P584: {=INDEX(Rangos!$E$3:$E$16,MATCH(1,(Dumpadas[[#This Row],[ley]]>=Rangos!$B$3:$B$16)*(Dumpadas[[#This Row],[ley]]<=Rangos!$C$3:$C$16),0))} -> B | S584: NIVEL 974 M4 6N RP T.PM 938 22-04-2026 | T584: 1 | U584: 3.2 | V584: 0.0168 | Z584: NIVEL 974 M4 6N RP T.PM 938 22-04-2026 | AA584: 1 | AB584: 3.2 | AC584: 0.0168 | AD584: 0.0168
C585: NIVEL 968 CONTRA | D585: CONTRA | E585: 581 | F585: =Dumpadas[[#This Row],[punto]] & " "&Dumpadas[[#This Row],[jornada]]&" " & Dumpadas[[#This Row],[N°Acop]] & " " & TEXT(Dumpadas[[#This Row],[fecha ]], "dd-mm-yyyy") -> NIVEL 968 CONTRA PM 581 08-04-2026 | G585: PM | H585: 46120 | I585: 3.2 | J585: 0.0143 | K585: =+IF(Dumpadas[[#This Row],[ley]]>0.03,0.03,Dumpadas[[#This Row],[ley]]) -> 0.0143 | M585: 28845 | P585: {=INDEX(Rangos!$E$3:$E$16,MATCH(1,(Dumpadas[[#This Row],[ley]]>=Rangos!$B$3:$B$16)*(Dumpadas[[#This Row],[ley]]<=Rangos!$C$3:$C$16),0))} -> E | S585: NIVEL 974 M4 6N RP T.PM 939 22-04-2026 | T585: 1 | U585: 3.2 | V585: 0.0158 | Z585: NIVEL 974 M4 6N RP T.PM 939 22-04-2026 | AA585: 1 | AB585: 3.2 | AC585: 0.0158 | AD585: 0.0158
C586: NIVEL 968 CONTRA | D586: CONTRA | E586: 582 | F586: =Dumpadas[[#This Row],[punto]] & " "&Dumpadas[[#This Row],[jornada]]&" " & Dumpadas[[#This Row],[N°Acop]] & " " & TEXT(Dumpadas[[#This Row],[fecha ]], "dd-mm-yyyy") -> NIVEL 968 CONTRA PM 582 08-04-2026 | G586: PM | H586: 46120 | I586: 3.2 | J586: 0.0094 | K586: =+IF(Dumpadas[[#This Row],[ley]]>0.03,0.03,Dumpadas[[#This Row],[ley]]) -> 0.0094 | M586: 28845 | P586: {=INDEX(Rangos!$E$3:$E$16,MATCH(1,(Dumpadas[[#This Row],[ley]]>=Rangos!$B$3:$B$16)*(Dumpadas[[#This Row],[ley]]<=Rangos!$C$3:$C$16),0))} -> B | S586: NIVEL 974 M4 6N RP T.PM 940 22-04-2026 | T586: 1 | U586: 3.2 | V586: 0.011 | Z586: NIVEL 974 M4 6N RP T.PM 940 22-04-2026 | AA586: 1 | AB586: 3.2 | AC586: 0.011 | AD586: 0.011
